# 3ds Max Wavefront OBJ Exporter v0.97b - (c)2007 guruware
# ì¬‚µ‚½ƒtƒ@ƒCƒ‹ : 22.10.2019 20:52:00

mtllib MicStand.mtl

#
# object MicStand_Pole
#

v  0.9948 2.9851 0.5436
v  0.7509 3.1895 0.4028
v  0.4309 3.1895 0.7107
v  0.5703 2.9851 0.9521
v  0.4258 3.4455 0.2151
v  0.2451 3.4455 0.3889
v  0.0043 3.4455 0.4584
v  0.0043 3.1895 0.8339
v  0.0043 2.9851 1.1155
v  0.9948 2.9851 -0.6001
v  0.7509 3.1895 -0.4593
v  0.8576 3.1895 -0.0282
v  1.1363 2.9851 -0.0282
v  0.4258 3.4455 -0.2715
v  0.4860 3.4455 -0.0282
v  0.0043 2.9851 -1.1719
v  0.0043 3.1895 -0.8903
v  0.4309 3.1895 -0.7672
v  0.5703 2.9851 -1.0086
v  0.0043 3.4455 -0.5149
v  0.2451 3.4455 -0.4453
v  -0.9862 2.9851 -0.6001
v  -0.7423 3.1895 -0.4593
v  -0.4223 3.1895 -0.7672
v  -0.5617 2.9851 -1.0086
v  -0.4171 3.4455 -0.2715
v  -0.2365 3.4455 -0.4453
v  -0.9862 2.9851 0.5436
v  -0.7423 3.1895 0.4028
v  -0.8490 3.1895 -0.0282
v  -1.1277 2.9851 -0.0282
v  -0.4171 3.4455 0.2151
v  -0.4773 3.4455 -0.0282
v  -0.4223 3.1895 0.7107
v  -0.5617 2.9851 0.9521
v  -0.2365 3.4455 0.3889
v  0.0043 22.8606 0.4584
v  0.2451 22.8606 0.3889
v  0.2689 22.8567 0.4300
v  0.0043 22.8567 0.5064
v  0.4258 22.8606 0.2151
v  0.4673 22.8567 0.2391
v  0.4984 22.8577 0.2570
v  0.2866 22.8577 0.4608
v  0.0043 22.8577 0.5423
v  0.4860 22.8606 -0.0282
v  0.5334 22.8567 -0.0282
v  0.4258 22.8606 -0.2715
v  0.4673 22.8567 -0.2955
v  0.4984 22.8577 -0.3135
v  0.5690 22.8577 -0.0282
v  0.2451 22.8606 -0.4453
v  0.2689 22.8567 -0.4864
v  0.0043 22.8606 -0.5149
v  0.0043 22.8567 -0.5628
v  0.0043 22.8577 -0.5987
v  0.2866 22.8577 -0.5172
v  -0.2365 22.8606 -0.4453
v  -0.2602 22.8567 -0.4864
v  -0.4171 22.8606 -0.2715
v  -0.4586 22.8567 -0.2955
v  -0.4898 22.8577 -0.3135
v  -0.2780 22.8577 -0.5172
v  -0.4773 22.8606 -0.0282
v  -0.5248 22.8567 -0.0282
v  -0.4171 22.8606 0.2151
v  -0.4586 22.8567 0.2391
v  -0.4898 22.8577 0.2570
v  -0.5604 22.8577 -0.0282
v  -0.2365 22.8606 0.3889
v  -0.2602 22.8567 0.4300
v  -0.2780 22.8577 0.4608
v  0.5088 22.9758 0.2630
v  0.5088 23.2659 0.2630
v  0.2926 23.2659 0.4711
v  0.2926 22.9758 0.4711
v  0.5088 23.6239 0.2630
v  0.2926 23.6239 0.4711
v  0.0043 23.6239 0.5543
v  0.0043 23.2659 0.5543
v  0.0043 22.9758 0.5543
v  0.5088 22.9758 -0.3195
v  0.5088 23.2659 -0.3195
v  0.5808 23.2659 -0.0282
v  0.5808 22.9758 -0.0282
v  0.5088 23.6239 -0.3195
v  0.5808 23.6239 -0.0282
v  0.0043 22.9758 -0.6107
v  0.0043 23.2659 -0.6107
v  0.2926 23.2659 -0.5275
v  0.2926 22.9758 -0.5275
v  0.0043 23.6239 -0.6107
v  0.2926 23.6239 -0.5275
v  -0.5002 22.9758 -0.3195
v  -0.5002 23.2659 -0.3195
v  -0.2840 23.2659 -0.5275
v  -0.2840 22.9758 -0.5275
v  -0.5002 23.6239 -0.3195
v  -0.2840 23.6239 -0.5275
v  -0.5002 22.9758 0.2630
v  -0.5002 23.2659 0.2630
v  -0.5722 23.2659 -0.0282
v  -0.5722 22.9758 -0.0282
v  -0.5002 23.6239 0.2630
v  -0.5722 23.6239 -0.0282
v  -0.2840 23.2659 0.4711
v  -0.2840 22.9758 0.4711
v  -0.2840 23.6239 0.4711
v  0.0043 24.2186 0.2666
v  0.1502 24.2186 0.2245
v  0.1502 35.6003 0.2245
v  0.0043 35.6003 0.2666
v  0.2596 24.2186 0.1192
v  0.2596 35.6003 0.1192
v  0.2596 41.6010 0.1192
v  0.1502 41.6010 0.2245
v  0.0043 41.6010 0.2666
v  0.2961 24.2186 -0.0282
v  0.2961 35.6003 -0.0282
v  0.2596 24.2186 -0.1756
v  0.2596 35.6003 -0.1756
v  0.2596 41.6010 -0.1756
v  0.2961 41.6010 -0.0282
v  0.1502 24.2186 -0.2809
v  0.1502 35.6003 -0.2809
v  0.0043 24.2186 -0.3230
v  0.0043 35.6003 -0.3230
v  0.0043 41.6010 -0.3230
v  0.1502 41.6010 -0.2809
v  -0.1416 24.2186 -0.2809
v  -0.1416 35.6003 -0.2809
v  -0.2510 24.2186 -0.1756
v  -0.2510 35.6003 -0.1756
v  -0.2510 41.6010 -0.1756
v  -0.1416 41.6010 -0.2809
v  -0.2875 24.2186 -0.0282
v  -0.2875 35.6003 -0.0282
v  -0.2510 24.2186 0.1192
v  -0.2510 35.6003 0.1192
v  -0.2510 41.6010 0.1192
v  -0.2875 41.6010 -0.0282
v  -0.1416 24.2186 0.2245
v  -0.1416 35.6003 0.2245
v  -0.1416 41.6010 0.2245
v  -0.8803 1.6212 0.4825
v  -0.9144 1.6115 -0.0282
v  0.0043 1.5991 -0.0282
v  -0.4550 1.6115 0.7674
v  -0.8803 1.6212 -0.5390
v  -0.4550 1.6115 -0.8238
v  0.0043 1.6212 -1.0497
v  0.4636 1.6115 -0.8238
v  0.8890 1.6212 -0.5390
v  0.9230 1.6115 -0.0282
v  0.8890 1.6212 0.4825
v  0.4636 1.6115 0.7674
v  0.0043 1.6212 0.9933
v  0.4258 13.1530 0.2151
v  0.2451 13.1530 0.3889
v  0.0043 13.1530 0.4584
v  0.0043 2.7046 1.2094
v  0.0043 2.2663 1.2094
v  0.6168 2.2663 1.0326
v  0.6168 2.7046 1.0326
v  0.0043 1.8280 1.2094
v  0.6168 1.8280 1.0326
v  1.0761 1.8280 0.5906
v  1.0761 2.2663 0.5906
v  1.0761 2.7046 0.5906
v  0.4258 13.1530 -0.2715
v  0.4860 13.1530 -0.0282
v  1.2292 2.2663 -0.0282
v  1.2292 2.7046 -0.0282
v  1.2292 1.8280 -0.0282
v  1.0761 1.8280 -0.6470
v  1.0761 2.2663 -0.6470
v  1.0761 2.7046 -0.6470
v  0.0043 13.1530 -0.5149
v  0.2451 13.1530 -0.4453
v  0.6168 2.2663 -1.0890
v  0.6168 2.7046 -1.0890
v  0.6168 1.8280 -1.0890
v  0.0043 1.8280 -1.2658
v  0.0043 2.2663 -1.2658
v  0.0043 2.7046 -1.2658
v  -0.4171 13.1530 -0.2715
v  -0.2365 13.1530 -0.4453
v  -0.6081 2.2663 -1.0890
v  -0.6081 2.7046 -1.0890
v  -0.6081 1.8280 -1.0890
v  -1.0675 1.8280 -0.6470
v  -1.0675 2.2663 -0.6470
v  -1.0675 2.7046 -0.6470
v  -0.4171 13.1530 0.2151
v  -0.4773 13.1530 -0.0282
v  -1.2206 2.2663 -0.0282
v  -1.2206 2.7046 -0.0282
v  -1.2206 1.8280 -0.0282
v  -1.0675 1.8280 0.5906
v  -1.0675 2.2663 0.5906
v  -1.0675 2.7046 0.5906
v  -0.2365 13.1530 0.3889
v  -0.6081 2.2663 1.0326
v  -0.6081 2.7046 1.0326
v  -0.6081 1.8280 1.0326
v  0.4776 24.1499 0.2450
v  0.3842 24.2204 0.1911
v  0.2214 24.2204 0.3478
v  0.2748 24.1499 0.4402
v  0.0043 24.2204 0.4104
v  0.0043 24.1499 0.5183
v  0.5088 23.9348 0.2630
v  0.2926 23.9348 0.4711
v  0.0043 23.9348 0.5543
v  0.0043 22.8686 0.5543
v  0.2926 22.8686 0.4711
v  0.5088 22.8686 0.2630
v  0.4776 24.1499 -0.3015
v  0.3842 24.2204 -0.2475
v  0.4385 24.2204 -0.0282
v  0.5452 24.1499 -0.0282
v  0.5088 23.9348 -0.3195
v  0.5808 23.9348 -0.0282
v  0.5808 22.8686 -0.0282
v  0.5088 22.8686 -0.3195
v  0.0043 24.1499 -0.5748
v  0.0043 24.2204 -0.4669
v  0.2214 24.2204 -0.4042
v  0.2748 24.1499 -0.4967
v  0.0043 23.9348 -0.6107
v  0.2926 23.9348 -0.5275
v  0.2926 22.8686 -0.5275
v  0.0043 22.8686 -0.6107
v  -0.4690 24.1499 -0.3015
v  -0.3756 24.2204 -0.2475
v  -0.2128 24.2204 -0.4042
v  -0.2662 24.1499 -0.4967
v  -0.5002 23.9348 -0.3195
v  -0.2840 23.9348 -0.5275
v  -0.2840 22.8686 -0.5275
v  -0.5002 22.8686 -0.3195
v  -0.4690 24.1499 0.2450
v  -0.3756 24.2204 0.1911
v  -0.4298 24.2204 -0.0282
v  -0.5366 24.1499 -0.0282
v  -0.5002 23.9348 0.2630
v  -0.5722 23.9348 -0.0282
v  -0.5722 22.8686 -0.0282
v  -0.5002 22.8686 0.2630
v  -0.2128 24.2204 0.3478
v  -0.2662 24.1499 0.4402
v  -0.2840 23.9348 0.4711
v  -0.2840 22.8686 0.4711
v  0.0043 1.6488 1.2094
v  0.6168 1.6488 1.0326
v  1.0761 1.6488 0.5906
v  1.0761 2.8838 0.5906
v  0.6168 2.8838 1.0326
v  0.0043 2.8838 1.2094
v  1.2292 1.6488 -0.0282
v  1.0761 1.6488 -0.6470
v  1.0761 2.8838 -0.6470
v  1.2292 2.8838 -0.0282
v  0.6168 1.6488 -1.0890
v  0.0043 1.6488 -1.2658
v  0.0043 2.8838 -1.2658
v  0.6168 2.8838 -1.0890
v  -0.6081 1.6488 -1.0890
v  -1.0675 1.6488 -0.6470
v  -1.0675 2.8838 -0.6470
v  -0.6081 2.8838 -1.0890
v  -1.2206 1.6488 -0.0282
v  -1.0675 1.6488 0.5906
v  -1.0675 2.8838 0.5906
v  -1.2206 2.8838 -0.0282
v  -0.6081 1.6488 1.0326
v  -0.6081 2.8838 1.0326
v  10.1550 -0.0201 -6.3988
v  9.5620 -0.0251 -6.0564
v  9.6257 0.3915 -6.0930
v  10.1008 0.2863 -6.3673
v  10.5946 -0.0201 -5.6374
v  10.0016 -0.0251 -5.2951
v  10.5402 0.2863 -5.6063
v  10.0651 0.3915 -5.3320
v  10.3141 0.6718 -5.7294
v  10.0125 0.7662 -5.5553
v  10.0944 0.6718 -6.1099
v  9.7928 0.7662 -5.9358
v  5.3296 1.2816 -3.4375
v  5.3640 1.0362 -3.2913
v  -0.1366 2.1562 -0.1155
v  -0.1710 2.4016 -0.2618
v  5.5079 1.0362 -3.0421
v  0.0073 2.1562 0.1337
v  5.6173 1.2816 -2.9391
v  0.1167 2.4016 0.2367
v  5.5829 1.5271 -3.0853
v  0.0823 2.6470 0.0904
v  5.4390 1.5271 -3.3346
v  -0.0616 2.6470 -0.1588
v  10.2864 -0.0023 -6.4487
v  10.2328 0.2653 -6.4176
v  10.3232 0.2580 -6.3441
v  10.3435 0.0634 -6.3559
v  10.7035 -0.0023 -5.7263
v  10.6517 0.0634 -5.8221
v  10.6498 0.2653 -5.6955
v  10.6313 0.2580 -5.8105
v  10.4176 0.6299 -5.8021
v  10.4726 0.5420 -5.8967
v  10.2092 0.6299 -6.1632
v  10.3186 0.5420 -6.1635
v  10.4773 0.2580 -6.0773
v  9.6605 0.1614 -5.7718
v  9.6260 0.4069 -5.9181
v  9.8044 0.1614 -5.5226
v  9.9138 0.4069 -5.4196
v  9.8793 0.6523 -5.5659
v  9.7354 0.6523 -5.8151
v  9.4865 -0.0097 -6.0128
v  9.5502 0.4069 -6.0494
v  9.9261 -0.0097 -5.2515
v  9.9896 0.4069 -5.2884
v  9.9370 0.7816 -5.5117
v  9.7173 0.7816 -5.8921
v  -10.5946 -0.0201 -5.6374
v  -10.0016 -0.0251 -5.2951
v  -10.0651 0.3915 -5.3320
v  -10.5402 0.2863 -5.6063
v  -10.1550 -0.0201 -6.3988
v  -9.5620 -0.0251 -6.0564
v  -10.1008 0.2863 -6.3673
v  -9.6257 0.3915 -6.0930
v  -10.0944 0.6718 -6.1099
v  -9.7928 0.7662 -5.9358
v  -10.3141 0.6718 -5.7294
v  -10.0125 0.7662 -5.5553
v  -5.6173 1.2816 -2.9391
v  -5.5079 1.0362 -3.0421
v  -0.0073 2.1562 0.1337
v  -0.1167 2.4016 0.2367
v  -5.3640 1.0362 -3.2913
v  0.1366 2.1562 -0.1155
v  -5.3296 1.2816 -3.4375
v  0.1710 2.4016 -0.2618
v  -5.4390 1.5271 -3.3346
v  0.0616 2.6470 -0.1588
v  -5.5829 1.5271 -3.0853
v  -0.0823 2.6470 0.0904
v  -10.7035 -0.0023 -5.7263
v  -10.6498 0.2653 -5.6955
v  -10.6313 0.2580 -5.8105
v  -10.6517 0.0634 -5.8221
v  -10.2864 -0.0023 -6.4487
v  -10.3435 0.0634 -6.3559
v  -10.2329 0.2653 -6.4176
v  -10.3232 0.2580 -6.3441
v  -10.2092 0.6299 -6.1632
v  -10.3186 0.5420 -6.1635
v  -10.4176 0.6299 -5.8021
v  -10.4726 0.5420 -5.8967
v  -10.4773 0.2580 -6.0773
v  -9.8044 0.1614 -5.5226
v  -9.9138 0.4069 -5.4196
v  -9.6605 0.1614 -5.7718
v  -9.6260 0.4069 -5.9181
v  -9.7354 0.6523 -5.8151
v  -9.8793 0.6523 -5.5659
v  -9.9261 -0.0097 -5.2515
v  -9.9896 0.4069 -5.2884
v  -9.4865 -0.0097 -6.0128
v  -9.5502 0.4069 -6.0494
v  -9.7173 0.7816 -5.8922
v  -9.9370 0.7816 -5.5117
v  0.4396 -0.0201 11.9516
v  0.4396 -0.0251 11.2668
v  0.4393 0.3915 11.3403
v  0.4393 0.2863 11.8889
v  -0.4396 -0.0201 11.9516
v  -0.4396 -0.0251 11.2668
v  -0.4393 0.2863 11.8889
v  -0.4393 0.3915 11.3403
v  -0.2197 0.6718 11.7547
v  -0.2197 0.7662 11.4064
v  0.2197 0.6718 11.7547
v  0.2197 0.7662 11.4064
v  0.2878 1.2816 6.2920
v  0.1439 1.0362 6.2487
v  0.1439 2.1562 -0.1028
v  0.2878 2.4016 -0.0596
v  -0.1439 1.0362 6.2487
v  -0.1439 2.1562 -0.1028
v  -0.2878 1.2816 6.2920
v  -0.2878 2.4016 -0.0596
v  -0.1439 1.5271 6.3352
v  -0.1439 2.6470 -0.0163
v  0.1439 1.5271 6.3352
v  0.1439 2.6470 -0.0163
v  0.4171 -0.0023 12.0903
v  0.4169 0.2653 12.0284
v  0.3081 0.2580 12.0699
v  0.3082 0.0634 12.0933
v  -0.4171 -0.0023 12.0903
v  -0.3082 0.0634 12.0933
v  -0.4169 0.2653 12.0284
v  -0.3081 0.2580 12.0699
v  -0.2085 0.6299 11.8807
v  -0.1540 0.5420 11.9756
v  0.2085 0.6299 11.8807
v  0.1540 0.5420 11.9756
v  -0.0000 0.2580 12.0699
v  0.1439 0.1614 11.2098
v  0.2878 0.4069 11.2531
v  -0.1439 0.1614 11.2098
v  -0.2878 0.4069 11.2531
v  -0.1439 0.6523 11.2964
v  0.1439 0.6523 11.2964
v  0.4396 -0.0097 11.1796
v  0.4393 0.4069 11.2531
v  -0.4396 -0.0097 11.1796
v  -0.4393 0.4069 11.2531
v  -0.2197 0.7816 11.3192
v  0.2197 0.7816 11.3192
v  -0.5615 43.4457 0.0680
v  -0.5615 43.4595 0.0271
v  -0.5642 43.4378 0.0225
v  -0.5642 43.4242 0.0580
v  -0.5615 43.4625 -0.0152
v  -0.5642 43.4420 -0.0134
v  -0.5652 43.4203 -0.0115
v  -0.5655 43.4098 0.0122
v  -0.5655 43.3938 0.0438
v  -0.5615 43.4315 -0.0942
v  -0.5642 43.4120 -0.0806
v  -0.5642 43.4317 -0.0480
v  -0.5615 43.4522 -0.0563
v  -0.5655 43.3846 -0.0614
v  -0.5655 43.4058 -0.0330
v  -0.5660 43.2981 -0.0008
v  -0.5660 43.3545 0.0255
v  -0.5660 43.3776 -0.0078
v  -0.5660 43.3491 -0.0365
v  -0.5615 43.3123 0.1615
v  -0.5615 43.3546 0.1530
v  -0.5642 43.3478 0.1319
v  -0.5642 43.3102 0.1378
v  -0.5615 43.3927 0.1344
v  -0.5642 43.3809 0.1175
v  -0.5652 43.3685 0.0997
v  -0.5655 43.3427 0.1024
v  -0.5655 43.3073 0.1044
v  -0.5642 43.4058 0.0913
v  -0.5615 43.4233 0.1049
v  -0.5655 43.3798 0.0764
v  -0.5660 43.3035 0.0612
v  -0.5660 43.3439 0.0646
v  -0.5615 43.1647 0.0926
v  -0.5615 43.1932 0.1250
v  -0.5642 43.2080 0.1086
v  -0.5642 43.1841 0.0790
v  -0.5615 43.2284 0.1487
v  -0.5642 43.2371 0.1301
v  -0.5652 43.2462 0.1104
v  -0.5655 43.2310 0.0894
v  -0.5655 43.2116 0.0598
v  -0.5642 43.2722 0.1385
v  -0.5615 43.2691 0.1605
v  -0.5655 43.2721 0.1086
v  -0.5660 43.2471 0.0349
v  -0.5660 43.2644 0.0715
v  -0.5615 43.1505 -0.0696
v  -0.5615 43.1367 -0.0287
v  -0.5642 43.1583 -0.0241
v  -0.5642 43.1720 -0.0596
v  -0.5615 43.1337 0.0136
v  -0.5642 43.1542 0.0118
v  -0.5652 43.1758 0.0099
v  -0.5655 43.1864 -0.0138
v  -0.5655 43.2024 -0.0454
v  -0.5642 43.1645 0.0464
v  -0.5615 43.1440 0.0548
v  -0.5655 43.1904 0.0314
v  -0.5660 43.2417 -0.0271
v  -0.5660 43.2186 0.0062
v  -0.5615 43.2839 -0.1631
v  -0.5615 43.2416 -0.1546
v  -0.5642 43.2484 -0.1335
v  -0.5642 43.2860 -0.1394
v  -0.5615 43.2035 -0.1360
v  -0.5642 43.2153 -0.1191
v  -0.5652 43.2277 -0.1013
v  -0.5655 43.2535 -0.1040
v  -0.5655 43.2889 -0.1060
v  -0.5642 43.1904 -0.0929
v  -0.5615 43.1729 -0.1065
v  -0.5655 43.2163 -0.0780
v  -0.5660 43.2927 -0.0628
v  -0.5660 43.2523 -0.0662
v  -0.5615 43.4030 -0.1266
v  -0.5642 43.3882 -0.1102
v  -0.5615 43.3678 -0.1503
v  -0.5642 43.3591 -0.1317
v  -0.5652 43.3500 -0.1120
v  -0.5655 43.3652 -0.0910
v  -0.5642 43.3240 -0.1401
v  -0.5615 43.3270 -0.1621
v  -0.5655 43.3241 -0.1102
v  -0.5660 43.3318 -0.0731
v  0.5567 43.4457 0.0680
v  0.5567 43.4595 0.0271
v  0.5531 43.4725 0.0299
v  0.5531 43.4586 0.0741
v  0.5567 43.4625 -0.0152
v  0.5531 43.4748 -0.0163
v  0.5320 43.4809 -0.0168
v  0.5320 43.4790 0.0313
v  0.5320 43.4651 0.0771
v  0.5567 43.4315 -0.0942
v  0.5531 43.4432 -0.1024
v  0.5531 43.4646 -0.0613
v  0.5567 43.4522 -0.0563
v  0.5320 43.4490 -0.1065
v  0.5320 43.4707 -0.0638
v  0.3730 43.4510 -0.1078
v  0.3730 43.4728 -0.0647
v  0.4773 43.4728 -0.0647
v  0.4773 43.4510 -0.1078
v  0.3730 43.4830 -0.0170
v  0.4773 43.4830 -0.0170
v  0.3730 43.4672 0.0781
v  0.4773 43.4672 0.0781
v  0.4773 43.4812 0.0318
v  0.3730 43.4812 0.0318
v  0.5567 43.4030 -0.1266
v  0.5531 43.4119 -0.1365
v  0.5567 43.3678 -0.1503
v  0.5531 43.3730 -0.1615
v  0.5320 43.3756 -0.1671
v  0.5320 43.4164 -0.1415
v  0.5567 43.2839 -0.1631
v  0.5531 43.2827 -0.1773
v  0.5531 43.3289 -0.1752
v  0.5567 43.3270 -0.1621
v  0.5320 43.2820 -0.1844
v  0.5320 43.3298 -0.1818
v  0.3730 43.2818 -0.1867
v  0.3730 43.3301 -0.1840
v  0.4773 43.3301 -0.1840
v  0.4773 43.2818 -0.1867
v  0.3730 43.3765 -0.1690
v  0.4773 43.3765 -0.1690
v  0.4773 43.4178 -0.1431
v  0.3730 43.4178 -0.1431
v  0.5567 43.2416 -0.1546
v  0.5531 43.2375 -0.1672
v  0.5567 43.2035 -0.1360
v  0.5531 43.1964 -0.1461
v  0.5320 43.1928 -0.1511
v  0.5320 43.2354 -0.1736
v  0.5567 43.1505 -0.0696
v  0.5531 43.1376 -0.0757
v  0.5531 43.1624 -0.1147
v  0.5567 43.1729 -0.1065
v  0.5320 43.1311 -0.0787
v  0.5320 43.1572 -0.1188
v  0.3730 43.1289 -0.0797
v  0.3730 43.1554 -0.1202
v  0.4773 43.1554 -0.1202
v  0.4773 43.1289 -0.0797
v  0.3730 43.1917 -0.1528
v  0.4773 43.1917 -0.1528
v  0.4773 43.2347 -0.1757
v  0.3730 43.2347 -0.1757
v  0.5567 43.1367 -0.0287
v  0.5531 43.1236 -0.0315
v  0.5567 43.1337 0.0136
v  0.5531 43.1214 0.0147
v  0.5320 43.1153 0.0152
v  0.5320 43.1171 -0.0329
v  0.5567 43.1647 0.0926
v  0.5531 43.1530 0.1008
v  0.5531 43.1316 0.0597
v  0.5567 43.1440 0.0548
v  0.5320 43.1472 0.1049
v  0.5320 43.1255 0.0622
v  0.3730 43.1452 0.1063
v  0.3730 43.1234 0.0631
v  0.4773 43.1234 0.0631
v  0.4773 43.1452 0.1063
v  0.3730 43.1132 0.0154
v  0.4773 43.1132 0.0154
v  0.4773 43.1150 -0.0333
v  0.3730 43.1150 -0.0333
v  0.5567 43.1932 0.1250
v  0.5531 43.1843 0.1349
v  0.5567 43.2284 0.1487
v  0.5531 43.2231 0.1599
v  0.5320 43.2205 0.1655
v  0.5320 43.1798 0.1399
v  0.5567 43.3123 0.1615
v  0.5531 43.3135 0.1757
v  0.5531 43.2673 0.1736
v  0.5567 43.2691 0.1605
v  0.5320 43.3142 0.1828
v  0.5320 43.2664 0.1802
v  0.3730 43.3144 0.1851
v  0.3730 43.2660 0.1824
v  0.4773 43.2660 0.1824
v  0.4773 43.3144 0.1851
v  0.3730 43.2197 0.1674
v  0.4773 43.2197 0.1674
v  0.4773 43.1783 0.1415
v  0.3730 43.1783 0.1415
v  0.5567 43.3546 0.1530
v  0.5531 43.3587 0.1656
v  0.5567 43.3927 0.1344
v  0.5531 43.3998 0.1445
v  0.5320 43.4034 0.1495
v  0.5320 43.3608 0.1720
v  0.5531 43.4337 0.1131
v  0.5567 43.4233 0.1049
v  0.5320 43.4390 0.1172
v  0.3730 43.4407 0.1186
v  0.4773 43.4407 0.1186
v  0.3730 43.4045 0.1512
v  0.4773 43.4045 0.1512
v  0.4773 43.3615 0.1741
v  0.3730 43.3615 0.1741
v  -0.3742 43.4510 -0.1078
v  -0.4794 43.4510 -0.1078
v  -0.4794 43.4728 -0.0647
v  -0.3742 43.4728 -0.0647
v  -0.5350 43.4490 -0.1065
v  -0.5350 43.4707 -0.0638
v  -0.5350 43.4809 -0.0168
v  -0.4794 43.4830 -0.0170
v  -0.3742 43.4830 -0.0170
v  -0.5571 43.4646 -0.0613
v  -0.5571 43.4432 -0.1024
v  -0.5571 43.4748 -0.0163
v  -0.5571 43.4586 0.0741
v  -0.5571 43.4725 0.0299
v  -0.5350 43.4651 0.0771
v  -0.5350 43.4790 0.0313
v  -0.3742 43.4672 0.0781
v  -0.3742 43.4812 0.0318
v  -0.4794 43.4812 0.0318
v  -0.4794 43.4672 0.0781
v  -0.3742 43.2818 -0.1867
v  -0.4794 43.2818 -0.1867
v  -0.4794 43.3301 -0.1840
v  -0.3742 43.3301 -0.1840
v  -0.5350 43.2820 -0.1844
v  -0.5350 43.3298 -0.1818
v  -0.5350 43.3756 -0.1671
v  -0.4794 43.3765 -0.1690
v  -0.3742 43.3765 -0.1690
v  -0.5571 43.3289 -0.1752
v  -0.5571 43.2827 -0.1773
v  -0.5571 43.3730 -0.1615
v  -0.5571 43.4119 -0.1365
v  -0.5350 43.4164 -0.1415
v  -0.3742 43.4178 -0.1431
v  -0.4794 43.4178 -0.1431
v  -0.3742 43.1289 -0.0797
v  -0.4794 43.1289 -0.0797
v  -0.4794 43.1554 -0.1202
v  -0.3742 43.1554 -0.1202
v  -0.5350 43.1311 -0.0787
v  -0.5350 43.1572 -0.1188
v  -0.5350 43.1928 -0.1511
v  -0.4794 43.1917 -0.1528
v  -0.3742 43.1917 -0.1528
v  -0.5571 43.1624 -0.1147
v  -0.5571 43.1376 -0.0757
v  -0.5571 43.1964 -0.1461
v  -0.5571 43.2375 -0.1672
v  -0.5350 43.2354 -0.1736
v  -0.3742 43.2347 -0.1757
v  -0.4794 43.2347 -0.1757
v  -0.3742 43.1452 0.1063
v  -0.4794 43.1452 0.1063
v  -0.4794 43.1234 0.0631
v  -0.3742 43.1234 0.0631
v  -0.5350 43.1472 0.1049
v  -0.5350 43.1255 0.0622
v  -0.5350 43.1153 0.0152
v  -0.4794 43.1132 0.0154
v  -0.3742 43.1132 0.0154
v  -0.5571 43.1316 0.0597
v  -0.5571 43.1530 0.1008
v  -0.5571 43.1214 0.0147
v  -0.5571 43.1236 -0.0315
v  -0.5350 43.1171 -0.0329
v  -0.3742 43.1150 -0.0333
v  -0.4794 43.1150 -0.0333
v  -0.3742 43.3144 0.1851
v  -0.4794 43.3144 0.1851
v  -0.4794 43.2660 0.1824
v  -0.3742 43.2660 0.1824
v  -0.5350 43.3142 0.1828
v  -0.5350 43.2664 0.1802
v  -0.5350 43.2205 0.1655
v  -0.4794 43.2197 0.1674
v  -0.3742 43.2197 0.1674
v  -0.5571 43.2673 0.1736
v  -0.5571 43.3135 0.1757
v  -0.5571 43.2231 0.1599
v  -0.5571 43.1843 0.1349
v  -0.5350 43.1798 0.1399
v  -0.3742 43.1783 0.1415
v  -0.4794 43.1783 0.1415
v  -0.4794 43.4407 0.1186
v  -0.3742 43.4407 0.1186
v  -0.5350 43.4390 0.1172
v  -0.5350 43.4034 0.1495
v  -0.4794 43.4045 0.1512
v  -0.3742 43.4045 0.1512
v  -0.5571 43.4337 0.1131
v  -0.5571 43.3998 0.1445
v  -0.5571 43.3587 0.1656
v  -0.5350 43.3608 0.1720
v  -0.3742 43.3615 0.1741
v  -0.4794 43.3615 0.1741
v  0.5588 43.4058 0.0913
v  0.5588 43.4242 0.0580
v  0.5588 43.3809 0.1175
v  0.5596 43.3685 0.0997
v  0.5599 43.3798 0.0764
v  0.5599 43.3938 0.0438
v  0.5588 43.3102 0.1378
v  0.5588 43.3478 0.1319
v  0.5599 43.3073 0.1044
v  0.5599 43.3427 0.1024
v  0.5602 43.2981 -0.0008
v  0.5602 43.3545 0.0255
v  0.5602 43.3439 0.0646
v  0.5602 43.3035 0.0612
v  0.5588 43.2722 0.1385
v  0.5588 43.2371 0.1301
v  0.5596 43.2462 0.1104
v  0.5599 43.2721 0.1086
v  0.5588 43.1841 0.0790
v  0.5588 43.2080 0.1086
v  0.5599 43.2116 0.0598
v  0.5599 43.2310 0.0894
v  0.5602 43.2644 0.0715
v  0.5602 43.2471 0.0349
v  0.5588 43.1645 0.0464
v  0.5588 43.1542 0.0118
v  0.5596 43.1758 0.0099
v  0.5599 43.1904 0.0314
v  0.5588 43.1720 -0.0596
v  0.5588 43.1583 -0.0241
v  0.5599 43.2024 -0.0454
v  0.5599 43.1864 -0.0138
v  0.5602 43.2186 0.0062
v  0.5602 43.2417 -0.0271
v  0.5588 43.1904 -0.0929
v  0.5588 43.2153 -0.1191
v  0.5596 43.2277 -0.1013
v  0.5599 43.2163 -0.0780
v  0.5588 43.2860 -0.1394
v  0.5588 43.2484 -0.1335
v  0.5599 43.2889 -0.1060
v  0.5599 43.2535 -0.1040
v  0.5602 43.2523 -0.0662
v  0.5602 43.2927 -0.0628
v  0.5588 43.3240 -0.1401
v  0.5588 43.3591 -0.1317
v  0.5596 43.3500 -0.1120
v  0.5599 43.3241 -0.1102
v  0.5588 43.4120 -0.0806
v  0.5588 43.3882 -0.1102
v  0.5599 43.3846 -0.0614
v  0.5599 43.3652 -0.0910
v  0.5602 43.3318 -0.0731
v  0.5602 43.3491 -0.0365
v  0.5588 43.4317 -0.0480
v  0.5588 43.4420 -0.0134
v  0.5596 43.4203 -0.0115
v  0.5599 43.4058 -0.0330
v  0.5588 43.4378 0.0225
v  0.5599 43.4098 0.0122
v  0.5602 43.3776 -0.0078
v  0.2028 43.4510 -0.1078
v  0.2028 43.4728 -0.0647
v  -0.0002 43.4510 -0.1078
v  -0.0002 43.4728 -0.0647
v  -0.0002 43.4830 -0.0170
v  0.2028 43.4830 -0.0170
v  -0.2035 43.4728 -0.0647
v  -0.2035 43.4510 -0.1078
v  -0.2035 43.4830 -0.0170
v  -0.2035 43.4672 0.0781
v  -0.2035 43.4812 0.0318
v  -0.0002 43.4672 0.0781
v  -0.0002 43.4812 0.0318
v  0.2028 43.4812 0.0318
v  0.2028 43.4672 0.0781
v  0.2028 43.2818 -0.1867
v  0.2028 43.3301 -0.1840
v  -0.0002 43.2818 -0.1867
v  -0.0002 43.3301 -0.1840
v  -0.0002 43.3765 -0.1690
v  0.2028 43.3765 -0.1690
v  -0.2035 43.3301 -0.1840
v  -0.2035 43.2818 -0.1867
v  -0.2035 43.3765 -0.1690
v  -0.2035 43.4178 -0.1431
v  -0.0002 43.4178 -0.1431
v  0.2028 43.4178 -0.1431
v  0.2028 43.1289 -0.0797
v  0.2028 43.1554 -0.1202
v  -0.0002 43.1289 -0.0797
v  -0.0002 43.1554 -0.1202
v  -0.0002 43.1917 -0.1528
v  0.2028 43.1917 -0.1528
v  -0.2035 43.1554 -0.1202
v  -0.2035 43.1289 -0.0797
v  -0.2035 43.1917 -0.1528
v  -0.2035 43.2347 -0.1757
v  -0.0002 43.2347 -0.1757
v  0.2028 43.2347 -0.1757
v  0.2028 43.1452 0.1063
v  0.2028 43.1234 0.0631
v  -0.0002 43.1452 0.1063
v  -0.0002 43.1234 0.0631
v  -0.0002 43.1132 0.0154
v  0.2028 43.1132 0.0154
v  -0.2035 43.1234 0.0631
v  -0.2035 43.1452 0.1063
v  -0.2035 43.1132 0.0154
v  -0.2035 43.1150 -0.0333
v  -0.0002 43.1150 -0.0333
v  0.2028 43.1150 -0.0333
v  0.2028 43.3144 0.1851
v  0.2028 43.2660 0.1824
v  -0.0002 43.3144 0.1851
v  -0.0002 43.2660 0.1824
v  -0.0002 43.2197 0.1674
v  0.2028 43.2197 0.1674
v  -0.2035 43.2660 0.1824
v  -0.2035 43.3144 0.1851
v  -0.2035 43.2197 0.1674
v  -0.2035 43.1783 0.1415
v  -0.0002 43.1783 0.1415
v  0.2028 43.1783 0.1415
v  0.2028 43.4407 0.1186
v  -0.0002 43.4407 0.1186
v  -0.0002 43.4045 0.1512
v  0.2028 43.4045 0.1512
v  -0.2035 43.4407 0.1186
v  -0.2035 43.4045 0.1512
v  -0.2035 43.3615 0.1741
v  -0.0002 43.3615 0.1741
v  0.2028 43.3615 0.1741
v  0.4789 41.4141 0.0000
v  0.4411 41.4141 -0.1827
v  0.4705 41.4261 -0.1949
v  0.5108 41.4261 0.0000
v  0.3386 41.4141 -0.3386
v  0.3612 41.4261 -0.3612
v  0.3612 41.5699 -0.3612
v  0.4705 41.5699 -0.1949
v  0.5108 41.5699 0.0000
v  0.1827 41.4141 -0.4411
v  0.1949 41.4261 -0.4705
v  -0.0000 41.4141 -0.4789
v  -0.0000 41.4261 -0.5108
v  -0.0000 41.5699 -0.5108
v  0.1949 41.5699 -0.4705
v  -0.1827 41.4141 -0.4411
v  -0.1949 41.4261 -0.4705
v  -0.3386 41.4141 -0.3386
v  -0.3612 41.4261 -0.3612
v  -0.3612 41.5699 -0.3612
v  -0.1949 41.5699 -0.4705
v  -0.4411 41.4141 -0.1827
v  -0.4705 41.4261 -0.1949
v  -0.4789 41.4141 0.0000
v  -0.5108 41.4261 0.0000
v  -0.5108 41.5699 0.0000
v  -0.4705 41.5699 -0.1949
v  -0.4411 41.4141 0.1827
v  -0.4705 41.4261 0.1949
v  -0.3386 41.4141 0.3386
v  -0.3612 41.4261 0.3612
v  -0.3612 41.5699 0.3612
v  -0.4705 41.5699 0.1949
v  -0.1827 41.4141 0.4411
v  -0.1949 41.4261 0.4705
v  0.0000 41.4141 0.4789
v  0.0000 41.4261 0.5108
v  0.0000 41.5699 0.5108
v  -0.1949 41.5699 0.4705
v  0.1827 41.4141 0.4411
v  0.1949 41.4261 0.4705
v  0.3386 41.4141 0.3386
v  0.3612 41.4261 0.3612
v  0.3612 41.5699 0.3612
v  0.1949 41.5699 0.4705
v  0.4411 41.4141 0.1827
v  0.4705 41.4261 0.1949
v  0.4705 41.5699 0.1949
v  0.5108 42.3889 0.0000
v  0.4705 42.3889 -0.1949
v  0.4705 42.5931 -0.1949
v  0.5108 42.5931 0.0000
v  0.3583 42.4400 -0.3769
v  0.3870 42.6041 -0.3505
v  0.3876 42.7482 -0.3503
v  0.4705 42.7455 -0.1949
v  0.5108 42.7455 0.0000
v  0.2587 42.5981 -0.4440
v  0.2979 42.6374 -0.4278
v  0.1948 42.6580 -0.4705
v  0.2267 42.6716 -0.4573
v  0.2310 42.7651 -0.4555
v  0.3003 42.7565 -0.4268
v  -0.0000 42.3869 -0.5133
v  -0.1830 42.3869 -0.4754
v  -0.1474 42.5851 -0.4901
v  -0.0000 42.5851 -0.5207
v  -0.3583 42.4400 -0.3769
v  -0.2587 42.5981 -0.4440
v  -0.1948 42.6580 -0.4705
v  -0.1105 42.6535 -0.5054
v  -0.0000 42.6535 -0.5283
v  -0.4705 42.3889 -0.1949
v  -0.4705 42.5931 -0.1949
v  -0.3870 42.6041 -0.3505
v  -0.5108 42.3889 0.0000
v  -0.5108 42.5931 0.0000
v  -0.5108 42.7455 0.0000
v  -0.4705 42.7455 -0.1949
v  -0.3876 42.7482 -0.3503
v  -0.4705 42.3889 0.1949
v  -0.4705 42.5931 0.1949
v  -0.3583 42.4400 0.3769
v  -0.3870 42.6041 0.3505
v  -0.3876 42.7482 0.3503
v  -0.4705 42.7455 0.1949
v  -0.2587 42.5981 0.4440
v  -0.2979 42.6374 0.4278
v  -0.1948 42.6580 0.4705
v  -0.2267 42.6716 0.4573
v  -0.2310 42.7651 0.4555
v  -0.3003 42.7565 0.4268
v  0.0000 42.3869 0.5133
v  0.1830 42.3869 0.4754
v  0.1474 42.5851 0.4901
v  0.0000 42.5851 0.5207
v  0.3583 42.4400 0.3769
v  0.2587 42.5981 0.4440
v  0.1948 42.6580 0.4705
v  0.1105 42.6535 0.5054
v  0.0000 42.6535 0.5283
v  0.4705 42.3889 0.1949
v  0.4705 42.5931 0.1949
v  0.3870 42.6041 0.3505
v  0.4705 42.7455 0.1949
v  0.3876 42.7482 0.3503
v  0.4705 43.0095 -0.1949
v  0.5108 43.0095 0.0000
v  0.3878 43.0095 -0.3502
v  0.3878 43.2930 -0.3502
v  0.4705 43.2925 -0.1949
v  0.5108 43.2922 0.0000
v  0.3011 43.0095 -0.4265
v  0.2324 43.0095 -0.4549
v  0.2324 43.2932 -0.4549
v  0.3011 43.2932 -0.4265
v  -0.4705 43.0095 -0.1949
v  -0.3878 43.0095 -0.3502
v  -0.5108 43.0095 0.0000
v  -0.5108 43.2922 0.0000
v  -0.4705 43.2925 -0.1949
v  -0.3878 43.2930 -0.3502
v  -0.4705 43.0095 0.1949
v  -0.3878 43.0095 0.3502
v  -0.3878 43.2930 0.3502
v  -0.4705 43.2925 0.1949
v  -0.3011 43.0095 0.4265
v  -0.2324 43.0095 0.4549
v  -0.2324 43.2932 0.4549
v  -0.3011 43.2932 0.4265
v  0.4705 43.0095 0.1949
v  0.3878 43.0095 0.3502
v  0.4705 43.2925 0.1949
v  0.3878 43.2930 0.3502
v  0.4705 43.5019 -0.1949
v  0.5108 43.5006 0.0000
v  0.3878 43.5038 -0.3502
v  0.3861 43.6491 -0.3085
v  0.4637 43.6422 -0.1786
v  0.4974 43.6430 0.0000
v  0.3011 43.5044 -0.4265
v  0.2324 43.5044 -0.4549
v  0.2324 43.6514 -0.3981
v  0.3011 43.6514 -0.3732
v  -0.4705 43.5019 -0.1949
v  -0.3878 43.5038 -0.3502
v  -0.5108 43.5006 0.0000
v  -0.4974 43.6430 0.0000
v  -0.4637 43.6422 -0.1786
v  -0.3861 43.6491 -0.3085
v  -0.4705 43.5019 0.1949
v  -0.3878 43.5038 0.3502
v  -0.3861 43.6491 0.3085
v  -0.4637 43.6422 0.1786
v  -0.3011 43.5044 0.4265
v  -0.2324 43.5044 0.4549
v  -0.2324 43.6514 0.3981
v  -0.3011 43.6514 0.3732
v  0.4705 43.5019 0.1949
v  0.3878 43.5038 0.3502
v  0.4637 43.6422 0.1786
v  0.3861 43.6491 0.3085
v  0.3528 41.4101 -0.1462
v  0.2709 41.4101 -0.2709
v  0.3831 41.4101 0.0000
v  0.2554 41.4101 0.0000
v  0.2352 41.4101 -0.0974
v  0.1806 41.4101 -0.1806
v  0.1462 41.4101 -0.3528
v  -0.0000 41.4101 -0.3831
v  0.0974 41.4101 -0.2352
v  -0.0000 41.4101 -0.2554
v  -0.1462 41.4101 -0.3528
v  -0.2709 41.4101 -0.2709
v  -0.0974 41.4101 -0.2352
v  -0.1806 41.4101 -0.1806
v  -0.3528 41.4101 -0.1462
v  -0.3831 41.4101 0.0000
v  -0.2352 41.4101 -0.0974
v  -0.2554 41.4101 0.0000
v  -0.3528 41.4101 0.1462
v  -0.2709 41.4101 0.2709
v  -0.2352 41.4101 0.0974
v  -0.1806 41.4101 0.1806
v  -0.1462 41.4101 0.3528
v  0.0000 41.4101 0.3831
v  -0.0974 41.4101 0.2352
v  0.0000 41.4101 0.2554
v  0.1462 41.4101 0.3528
v  0.2709 41.4101 0.2709
v  0.0974 41.4101 0.2352
v  0.1806 41.4101 0.1806
v  0.3528 41.4101 0.1462
v  0.2352 41.4101 0.0974
v  0.4436 43.7179 0.1299
v  0.3810 43.7362 0.1832
v  0.4570 43.7276 0.0000
v  0.3844 43.7621 0.0000
v  -0.4436 43.7179 -0.1299
v  -0.3810 43.7362 -0.1832
v  -0.4570 43.7276 0.0000
v  -0.3844 43.7621 0.0000
v  0.3810 43.7362 -0.1832
v  0.3011 43.7422 -0.2132
v  0.3011 43.7737 0.0000
v  0.2324 43.7422 -0.2275
v  0.2324 43.7737 0.0000
v  0.4436 43.7179 -0.1299
v  -0.4436 43.7179 0.1299
v  -0.3810 43.7362 0.1832
v  -0.1953 42.7694 -0.4114
v  -0.2019 42.7686 -0.4675
v  -0.2036 43.0095 -0.4668
v  -0.1971 43.0095 -0.4107
v  -0.2310 42.7651 -0.4555
v  -0.2324 43.0095 -0.4549
v  -0.2324 43.2932 -0.4549
v  -0.2036 43.2932 -0.4668
v  -0.1971 43.2951 -0.4107
v  0.1953 42.7694 0.4114
v  0.2019 42.7686 0.4675
v  0.2036 43.0095 0.4668
v  0.1971 43.0095 0.4107
v  0.2310 42.7651 0.4555
v  0.2324 43.0095 0.4549
v  0.2324 43.2932 0.4549
v  0.2036 43.2932 0.4668
v  0.1971 43.2951 0.4107
v  -0.2036 43.5044 -0.4668
v  -0.1971 43.5122 -0.4107
v  -0.2324 43.5044 -0.4549
v  -0.2324 43.6514 -0.3981
v  -0.2036 43.6514 -0.4085
v  -0.1988 43.6261 -0.3645
v  0.2036 43.5044 0.4668
v  0.1971 43.5122 0.4107
v  0.2324 43.5044 0.4549
v  0.2324 43.6514 0.3981
v  0.2036 43.6514 0.4085
v  0.1988 43.6261 0.3645
v  -0.1971 43.7181 0.0000
v  -0.2036 43.7737 0.0000
v  -0.2036 43.7422 0.2334
v  -0.1971 43.6906 0.2348
v  -0.2324 43.7737 0.0000
v  -0.2324 43.7422 0.2275
v  -0.2036 43.6514 0.4085
v  -0.1988 43.6261 0.3645
v  0.2036 43.7422 0.2334
v  0.1971 43.6906 0.2348
v  0.2324 43.7422 0.2275
v  0.2036 43.7737 0.0000
v  0.1971 43.7181 0.0000
v  -0.2036 43.7422 -0.2334
v  -0.1971 43.6906 -0.2348
v  -0.2324 43.7422 -0.2275
v  0.2979 42.6374 0.4278
v  0.3003 42.7565 0.4268
v  0.2267 42.6716 0.4573
v  -0.1830 42.3869 0.4754
v  -0.1474 42.5851 0.4901
v  -0.1105 42.6535 0.5054
v  -0.2979 42.6374 -0.4278
v  -0.3003 42.7565 -0.4268
v  -0.2267 42.6716 -0.4573
v  0.1830 42.3869 -0.4754
v  0.1474 42.5851 -0.4901
v  0.1105 42.6535 -0.5054
v  -0.0000 42.6876 -0.4657
v  -0.0000 42.6896 -0.2663
v  0.0901 42.6896 -0.2569
v  0.0913 42.6876 -0.4491
v  -0.0000 42.6896 -0.0000
v  0.0901 42.6896 -0.0000
v  0.1596 42.6896 0.0000
v  0.1596 42.6896 -0.2425
v  0.1617 42.6879 -0.4236
v  -0.0913 42.6876 -0.4491
v  -0.0901 42.6896 -0.2569
v  -0.1617 42.6879 -0.4236
v  -0.1596 42.6896 -0.2425
v  -0.1596 42.6896 0.0000
v  -0.0901 42.6896 0.0000
v  0.1949 43.0095 0.2352
v  0.1930 42.7696 0.2356
v  0.1949 43.3010 0.2352
v  0.1949 43.3050 0.0000
v  0.1949 43.0095 0.0000
v  0.1930 42.7696 0.0000
v  -0.1949 43.0095 -0.2352
v  -0.1930 42.7696 -0.2356
v  -0.1949 43.3010 -0.2352
v  -0.1949 43.3050 0.0000
v  -0.1949 43.0095 0.0000
v  -0.1930 42.7696 0.0000
v  -0.1949 43.5358 -0.2352
v  -0.1949 43.5515 0.0000
v  0.1949 43.5358 0.2352
v  0.1949 43.5515 0.0000
v  -0.0000 42.6896 0.2663
v  0.0901 42.6896 0.2569
v  0.0000 42.6876 0.4657
v  0.0913 42.6876 0.4491
v  0.1617 42.6879 0.4236
v  0.1596 42.6896 0.2425
v  -0.1930 42.7696 0.2356
v  -0.1876 42.6896 0.2367
v  -0.1876 42.6896 0.0000
v  -0.1953 42.7694 0.4114
v  -0.1899 42.6886 0.4133
v  -0.1617 42.6879 0.4236
v  -0.1596 42.6896 0.2425
v  0.1949 43.3010 -0.2352
v  0.1949 43.0095 -0.2352
v  0.1971 43.2951 -0.4107
v  0.1971 43.0095 -0.4107
v  0.1953 42.7694 -0.4114
v  0.1930 42.7696 -0.2356
v  -0.1949 43.3010 0.2352
v  -0.1949 43.0095 0.2352
v  -0.1971 43.2951 0.4107
v  -0.1971 43.0095 0.4107
v  0.1971 43.6906 -0.2348
v  0.1949 43.5358 -0.2352
v  0.1988 43.6261 -0.3645
v  0.1971 43.5122 -0.4107
v  -0.1949 43.5358 0.2352
v  -0.1971 43.5122 0.4107
v  0.3612 41.9693 -0.3612
v  0.4705 41.9693 -0.1949
v  0.5108 41.9693 0.0000
v  -0.0000 41.9693 -0.5108
v  0.1949 41.9693 -0.4705
v  -0.3612 41.9693 -0.3612
v  -0.1949 41.9693 -0.4705
v  -0.5108 41.9693 0.0000
v  -0.4705 41.9693 -0.1949
v  -0.3612 41.9693 0.3612
v  -0.4705 41.9693 0.1949
v  0.0000 41.9693 0.5108
v  -0.1949 41.9693 0.4705
v  0.3612 41.9693 0.3612
v  0.1949 41.9693 0.4705
v  0.4705 41.9693 0.1949
v  -0.2019 42.7686 0.4675
v  -0.2036 43.0095 0.4668
v  -0.2036 43.2932 0.4668
v  -0.2036 43.5044 0.4668
v  -0.3011 43.0095 -0.4265
v  -0.3011 43.2932 -0.4265
v  -0.3011 43.5044 -0.4265
v  -0.3011 43.6514 -0.3732
v  -0.3011 43.7737 0.0000
v  -0.3011 43.7422 0.2132
v  -0.3011 43.7422 -0.2132
v  0.2019 42.7686 -0.4675
v  0.2036 43.0095 -0.4668
v  0.2036 43.2932 -0.4668
v  0.2036 43.5044 -0.4668
v  0.2036 43.6514 -0.4085
v  0.2036 43.7422 -0.2334
v  0.3011 43.0095 0.4265
v  0.3011 43.2932 0.4265
v  0.3011 43.5044 0.4265
v  0.3011 43.6514 0.3732
v  0.3011 43.7422 0.2132
v  -0.1680 42.6826 -0.4816
v  -0.0950 42.6816 -0.5118
v  -0.0000 42.6816 -0.5315
v  0.1680 42.6826 0.4816
v  0.0950 42.6816 0.5118
v  0.0000 42.6816 0.5315
v  -0.0950 42.6816 0.5118
v  -0.0913 42.6876 0.4491
v  -0.1680 42.6826 0.4816
v  0.0950 42.6816 -0.5118
v  0.1680 42.6826 -0.4816
v  0.1968 42.6856 -0.4697
v  0.1899 42.6886 -0.4133
v  -0.1968 42.6856 0.4697
v  0.1876 42.6896 0.0000
v  0.1876 42.6896 -0.2367
v  0.1899 42.6886 0.4133
v  0.1876 42.6896 0.2367
v  -0.1899 42.6886 -0.4133
v  -0.1876 42.6896 -0.2367
v  -0.0901 42.6896 0.2569
v  0.1968 42.6856 0.4697
v  -0.1968 42.6856 -0.4697
# 1247 vertices

vt 0.6801 0.7503 0.0000
vt 0.6760 0.7641 0.0000
vt 0.6567 0.7596 0.0000
vt 0.6588 0.7458 0.0000
vt 0.6683 0.7889 0.0000
vt 0.6530 0.7843 0.0000
vt 0.6370 0.7843 0.0000
vt 0.6372 0.7583 0.0000
vt 0.6373 0.7440 0.0000
vt 0.7214 0.7695 0.0000
vt 0.7125 0.7823 0.0000
vt 0.6947 0.7713 0.0000
vt 0.7009 0.7583 0.0000
vt 0.6963 0.8027 0.0000
vt 0.6834 0.7938 0.0000
vt 0.7623 0.8090 0.0000
vt 0.7431 0.8186 0.0000
vt 0.7290 0.7972 0.0000
vt 0.7414 0.7857 0.0000
vt 0.7153 0.8270 0.0000
vt 0.7080 0.8133 0.0000
vt 0.5528 0.7684 0.0000
vt 0.5616 0.7813 0.0000
vt 0.5449 0.7960 0.0000
vt 0.5326 0.7844 0.0000
vt 0.5775 0.8020 0.0000
vt 0.5657 0.8124 0.0000
vt 0.5582 0.8261 0.0000
vt 0.5305 0.8173 0.0000
vt 0.5114 0.8075 0.0000
vt 0.5943 0.7497 0.0000
vt 0.5983 0.7637 0.0000
vt 0.5795 0.7706 0.0000
vt 0.5734 0.7575 0.0000
vt 0.6057 0.7886 0.0000
vt 0.5905 0.7932 0.0000
vt 0.6176 0.7593 0.0000
vt 0.6157 0.7456 0.0000
vt 0.6210 0.7841 0.0000
vt 0.6784 0.8894 0.0000
vt 0.6906 0.8893 0.0000
vt 0.6906 0.8915 0.0000
vt 0.6784 0.8916 0.0000
vt 0.7028 0.8888 0.0000
vt 0.7029 0.8911 0.0000
vt 0.7030 0.8926 0.0000
vt 0.6907 0.8930 0.0000
vt 0.6784 0.8931 0.0000
vt 0.7152 0.8880 0.0000
vt 0.7155 0.8902 0.0000
vt 0.7278 0.8862 0.0000
vt 0.7283 0.8885 0.0000
vt 0.7286 0.8902 0.0000
vt 0.7156 0.8917 0.0000
vt 0.7407 0.8830 0.0000
vt 0.7415 0.8853 0.0000
vt 0.7530 0.8769 0.0000
vt 0.7548 0.8788 0.0000
vt 0.7561 0.8803 0.0000
vt 0.7421 0.8870 0.0000
vt 0.6040 0.8770 0.0000
vt 0.6163 0.8832 0.0000
vt 0.6154 0.8854 0.0000
vt 0.6022 0.8790 0.0000
vt 0.6291 0.8863 0.0000
vt 0.6287 0.8886 0.0000
vt 0.6284 0.8903 0.0000
vt 0.6148 0.8871 0.0000
vt 0.6009 0.8805 0.0000
vt 0.6417 0.8881 0.0000
vt 0.6415 0.8903 0.0000
vt 0.6541 0.8889 0.0000
vt 0.6540 0.8911 0.0000
vt 0.6539 0.8927 0.0000
vt 0.6413 0.8918 0.0000
vt 0.6663 0.8894 0.0000
vt 0.6662 0.8915 0.0000
vt 0.6662 0.8930 0.0000
vt 0.7033 0.8980 0.0000
vt 0.7036 0.9101 0.0000
vt 0.6909 0.9101 0.0000
vt 0.6908 0.8981 0.0000
vt 0.7033 0.9253 0.0000
vt 0.6908 0.9249 0.0000
vt 0.6785 0.9248 0.0000
vt 0.6785 0.9102 0.0000
vt 0.6784 0.8984 0.0000
vt 0.7295 0.8959 0.0000
vt 0.7309 0.9095 0.0000
vt 0.7168 0.9099 0.0000
vt 0.7161 0.8971 0.0000
vt 0.7306 0.9270 0.0000
vt 0.7165 0.9260 0.0000
vt 0.7595 0.8871 0.0000
vt 0.7648 0.9056 0.0000
vt 0.7466 0.9081 0.0000
vt 0.7440 0.8928 0.0000
vt 0.7656 0.9303 0.0000
vt 0.7467 0.9284 0.0000
vt 0.6274 0.8960 0.0000
vt 0.6261 0.9095 0.0000
vt 0.6104 0.9082 0.0000
vt 0.6130 0.8929 0.0000
vt 0.6264 0.9270 0.0000
vt 0.6103 0.9284 0.0000
vt 0.5914 0.9303 0.0000
vt 0.5923 0.9057 0.0000
vt 0.5976 0.8872 0.0000
vt 0.6536 0.8980 0.0000
vt 0.6533 0.9102 0.0000
vt 0.6402 0.9100 0.0000
vt 0.6408 0.8972 0.0000
vt 0.6536 0.9253 0.0000
vt 0.6405 0.9260 0.0000
vt 0.6660 0.9102 0.0000
vt 0.6661 0.8981 0.0000
vt 0.6661 0.9250 0.0000
vt 0.2459 0.0136 0.0000
vt 0.2540 0.0136 0.0000
vt 0.2512 0.4786 0.0000
vt 0.2431 0.4785 0.0000
vt 0.2621 0.0137 0.0000
vt 0.2593 0.4786 0.0000
vt 0.2574 0.7993 0.0000
vt 0.2493 0.7993 0.0000
vt 0.2412 0.7992 0.0000
vt 0.2702 0.0137 0.0000
vt 0.2675 0.4787 0.0000
vt 0.2783 0.0138 0.0000
vt 0.2756 0.4787 0.0000
vt 0.2736 0.7994 0.0000
vt 0.2655 0.7994 0.0000
vt 0.2864 0.0138 0.0000
vt 0.2837 0.4788 0.0000
vt 0.2945 0.0139 0.0000
vt 0.2918 0.4788 0.0000
vt 0.2899 0.7995 0.0000
vt 0.2817 0.7995 0.0000
vt 0.1972 0.0133 0.0000
vt 0.2054 0.0133 0.0000
vt 0.2025 0.4783 0.0000
vt 0.1944 0.4783 0.0000
vt 0.2135 0.0134 0.0000
vt 0.2107 0.4783 0.0000
vt 0.2088 0.7991 0.0000
vt 0.2007 0.7990 0.0000
vt 0.1926 0.7990 0.0000
vt 0.2216 0.0134 0.0000
vt 0.2188 0.4784 0.0000
vt 0.2297 0.0135 0.0000
vt 0.2269 0.4784 0.0000
vt 0.2250 0.7992 0.0000
vt 0.2169 0.7991 0.0000
vt 0.2378 0.0135 0.0000
vt 0.2350 0.4785 0.0000
vt 0.2331 0.7992 0.0000
vt 0.5778 0.6845 0.0000
vt 0.5527 0.6669 0.0000
vt 0.5872 0.6240 0.0000
vt 0.6071 0.6753 0.0000
vt 0.5207 0.7044 0.0000
vt 0.4924 0.6922 0.0000
vt 0.5175 0.6430 0.0000
vt 0.5476 0.6894 0.0000
vt 0.4637 0.7273 0.0000
vt 0.4352 0.7144 0.0000
vt 0.4617 0.6649 0.0000
vt 0.4913 0.7126 0.0000
vt 0.7543 0.7058 0.0000
vt 0.7433 0.6774 0.0000
vt 0.7955 0.6609 0.0000
vt 0.7836 0.7144 0.0000
vt 0.6974 0.6852 0.0000
vt 0.6832 0.6581 0.0000
vt 0.7335 0.6358 0.0000
vt 0.7276 0.6905 0.0000
vt 0.6377 0.6775 0.0000
vt 0.6176 0.6543 0.0000
vt 0.6615 0.6211 0.0000
vt 0.6683 0.6757 0.0000
vt 0.1191 0.0135 0.0000
vt 0.1210 0.4905 0.0000
vt 0.1087 0.4905 0.0000
vt 0.1068 0.0135 0.0000
vt 0.1230 0.9675 0.0000
vt 0.1107 0.9675 0.0000
vt 0.0984 0.9676 0.0000
vt 0.0964 0.4906 0.0000
vt 0.0945 0.0136 0.0000
vt 0.6373 0.7325 0.0000
vt 0.6374 0.7157 0.0000
vt 0.6627 0.7177 0.0000
vt 0.6605 0.7342 0.0000
vt 0.6376 0.6976 0.0000
vt 0.6652 0.6994 0.0000
vt 0.6925 0.7048 0.0000
vt 0.6879 0.7225 0.0000
vt 0.6834 0.7390 0.0000
vt 0.1437 0.0134 0.0000
vt 0.1457 0.4904 0.0000
vt 0.1334 0.4904 0.0000
vt 0.1314 0.0134 0.0000
vt 0.1476 0.9674 0.0000
vt 0.1353 0.9674 0.0000
vt 0.7126 0.7310 0.0000
vt 0.7060 0.7471 0.0000
vt 0.7194 0.7133 0.0000
vt 0.7459 0.7247 0.0000
vt 0.7375 0.7423 0.0000
vt 0.7283 0.7585 0.0000
vt 0.1684 0.0133 0.0000
vt 0.1703 0.4903 0.0000
vt 0.1580 0.4903 0.0000
vt 0.1560 0.0133 0.0000
vt 0.1723 0.9673 0.0000
vt 0.1600 0.9673 0.0000
vt 0.7630 0.7571 0.0000
vt 0.7513 0.7746 0.0000
vt 0.7736 0.7380 0.0000
vt 0.8054 0.7525 0.0000
vt 0.7930 0.7765 0.0000
vt 0.7760 0.7973 0.0000
vt 0.0452 0.0138 0.0000
vt 0.0471 0.4908 0.0000
vt 0.0348 0.4908 0.0000
vt 0.0329 0.0138 0.0000
vt 0.0491 0.9678 0.0000
vt 0.0368 0.9678 0.0000
vt 0.0245 0.9679 0.0000
vt 0.0225 0.4909 0.0000
vt 0.0206 0.0139 0.0000
vt 0.4978 0.7956 0.0000
vt 0.4811 0.7745 0.0000
vt 0.5114 0.7556 0.0000
vt 0.5228 0.7732 0.0000
vt 0.4690 0.7504 0.0000
vt 0.5010 0.7363 0.0000
vt 0.5288 0.7233 0.0000
vt 0.5370 0.7410 0.0000
vt 0.5460 0.7574 0.0000
vt 0.0698 0.0137 0.0000
vt 0.0718 0.4907 0.0000
vt 0.0595 0.4907 0.0000
vt 0.0575 0.0137 0.0000
vt 0.0737 0.9677 0.0000
vt 0.0614 0.9677 0.0000
vt 0.5621 0.7301 0.0000
vt 0.5685 0.7462 0.0000
vt 0.5555 0.7123 0.0000
vt 0.5825 0.7041 0.0000
vt 0.5869 0.7219 0.0000
vt 0.5912 0.7385 0.0000
vt 0.0841 0.4906 0.0000
vt 0.0821 0.0136 0.0000
vt 0.0861 0.9676 0.0000
vt 0.6121 0.7174 0.0000
vt 0.6142 0.7339 0.0000
vt 0.6099 0.6991 0.0000
vt 0.7017 0.9471 0.0000
vt 0.7010 0.9533 0.0000
vt 0.6897 0.9523 0.0000
vt 0.6900 0.9466 0.0000
vt 0.6999 0.9625 0.0000
vt 0.6893 0.9607 0.0000
vt 0.6785 0.9614 0.0000
vt 0.6785 0.9521 0.0000
vt 0.6785 0.9460 0.0000
vt 0.7025 0.9382 0.0000
vt 0.6904 0.9376 0.0000
vt 0.6785 0.9372 0.0000
vt 0.6784 0.8938 0.0000
vt 0.6907 0.8936 0.0000
vt 0.7030 0.8933 0.0000
vt 0.7260 0.9516 0.0000
vt 0.7239 0.9580 0.0000
vt 0.7123 0.9550 0.0000
vt 0.7135 0.9492 0.0000
vt 0.7207 0.9668 0.0000
vt 0.7106 0.9634 0.0000
vt 0.7285 0.9417 0.0000
vt 0.7151 0.9397 0.0000
vt 0.7157 0.8924 0.0000
vt 0.7287 0.8909 0.0000
vt 0.7543 0.9657 0.0000
vt 0.7475 0.9722 0.0000
vt 0.7355 0.9631 0.0000
vt 0.7389 0.9569 0.0000
vt 0.7388 0.9781 0.0000
vt 0.7307 0.9709 0.0000
vt 0.7612 0.9518 0.0000
vt 0.7433 0.9457 0.0000
vt 0.7424 0.8877 0.0000
vt 0.7567 0.8811 0.0000
vt 0.6310 0.9516 0.0000
vt 0.6330 0.9580 0.0000
vt 0.6214 0.9631 0.0000
vt 0.6180 0.9568 0.0000
vt 0.6362 0.9668 0.0000
vt 0.6263 0.9708 0.0000
vt 0.6182 0.9781 0.0000
vt 0.6095 0.9721 0.0000
vt 0.6027 0.9657 0.0000
vt 0.6285 0.9417 0.0000
vt 0.6137 0.9457 0.0000
vt 0.5958 0.9518 0.0000
vt 0.6003 0.8812 0.0000
vt 0.6146 0.8878 0.0000
vt 0.6282 0.8910 0.0000
vt 0.6553 0.9472 0.0000
vt 0.6560 0.9533 0.0000
vt 0.6446 0.9550 0.0000
vt 0.6434 0.9492 0.0000
vt 0.6571 0.9625 0.0000
vt 0.6463 0.9634 0.0000
vt 0.6545 0.9382 0.0000
vt 0.6419 0.9396 0.0000
vt 0.6412 0.8925 0.0000
vt 0.6538 0.8934 0.0000
vt 0.6673 0.9523 0.0000
vt 0.6670 0.9466 0.0000
vt 0.6677 0.9608 0.0000
vt 0.6665 0.9376 0.0000
vt 0.6662 0.8937 0.0000
vt 0.6376 0.6896 0.0000
vt 0.6663 0.6910 0.0000
vt 0.6945 0.6970 0.0000
vt 0.6816 0.7452 0.0000
vt 0.6595 0.7410 0.0000
vt 0.6373 0.7388 0.0000
vt 0.7224 0.7051 0.0000
vt 0.7494 0.7170 0.0000
vt 0.7246 0.7646 0.0000
vt 0.7031 0.7536 0.0000
vt 0.7774 0.7294 0.0000
vt 0.8110 0.7294 0.0000
vt 0.8097 0.7430 0.0000
vt 0.7690 0.8047 0.0000
vt 0.7458 0.7811 0.0000
vt 0.4648 0.7408 0.0000
vt 0.4973 0.7276 0.0000
vt 0.5255 0.7156 0.0000
vt 0.5497 0.7635 0.0000
vt 0.5283 0.7798 0.0000
vt 0.5047 0.8030 0.0000
vt 0.5527 0.7041 0.0000
vt 0.5806 0.6963 0.0000
vt 0.5929 0.7447 0.0000
vt 0.5713 0.7528 0.0000
vt 0.6089 0.6906 0.0000
vt 0.6151 0.7407 0.0000
vt 0.9220 0.9774 0.0000
vt 0.8892 0.9871 0.0000
vt 0.8872 0.9659 0.0000
vt 0.9146 0.9638 0.0000
vt 0.9499 0.9123 0.0000
vt 0.9837 0.9123 0.0000
vt 0.9837 0.9558 0.0000
vt 0.9498 0.9557 0.0000
vt 0.9149 0.9040 0.0000
vt 0.8875 0.9016 0.0000
vt 0.8896 0.8807 0.0000
vt 0.9223 0.8905 0.0000
vt 0.9032 0.9232 0.0000
vt 0.8858 0.9231 0.0000
vt 0.9032 0.9445 0.0000
vt 0.8857 0.9443 0.0000
vt 0.4896 0.2610 0.0000
vt 0.5038 0.2610 0.0000
vt 0.5037 0.5780 0.0000
vt 0.4896 0.5780 0.0000
vt 0.4189 0.2610 0.0000
vt 0.4331 0.2610 0.0000
vt 0.4330 0.5779 0.0000
vt 0.4189 0.5779 0.0000
vt 0.4472 0.2610 0.0000
vt 0.4472 0.5779 0.0000
vt 0.4614 0.2610 0.0000
vt 0.4613 0.5779 0.0000
vt 0.4755 0.2610 0.0000
vt 0.4754 0.5779 0.0000
vt 0.9429 0.9546 0.0000
vt 0.9290 0.9545 0.0000
vt 0.9301 0.9488 0.0000
vt 0.9397 0.9491 0.0000
vt 0.9430 0.9134 0.0000
vt 0.9397 0.9188 0.0000
vt 0.9291 0.9134 0.0000
vt 0.9301 0.9191 0.0000
vt 0.9097 0.9236 0.0000
vt 0.9159 0.9266 0.0000
vt 0.9097 0.9441 0.0000
vt 0.9160 0.9412 0.0000
vt 0.9303 0.9340 0.0000
vt 0.5038 0.0135 0.0000
vt 0.4897 0.0135 0.0000
vt 0.9216 0.9626 0.0000
vt 0.9285 0.9744 0.0000
vt 0.4331 0.0135 0.0000
vt 0.4190 0.0135 0.0000
vt 0.4473 0.0135 0.0000
vt 0.9287 0.8934 0.0000
vt 0.9218 0.9052 0.0000
vt 0.4614 0.0135 0.0000
vt 0.4755 0.0135 0.0000
vt 0.8847 0.9875 0.0000
vt 0.8828 0.9663 0.0000
vt 0.9881 0.9123 0.0000
vt 0.9881 0.9558 0.0000
vt 0.8831 0.9012 0.0000
vt 0.8852 0.8802 0.0000
vt 0.8814 0.9229 0.0000
vt 0.8813 0.9445 0.0000
vt 0.8504 0.9406 0.0000
vt 0.8626 0.9477 0.0000
vt 0.8626 0.9552 0.0000
vt 0.8418 0.9551 0.0000
vt 0.8749 0.9407 0.0000
vt 0.8750 0.9266 0.0000
vt 0.8628 0.9195 0.0000
vt 0.8628 0.9120 0.0000
vt 0.8505 0.9265 0.0000
vt 0.8420 0.9119 0.0000
vt 0.9226 0.8351 0.0000
vt 0.8900 0.8452 0.0000
vt 0.8878 0.8242 0.0000
vt 0.9151 0.8217 0.0000
vt 0.9498 0.7699 0.0000
vt 0.9837 0.7697 0.0000
vt 0.9839 0.8132 0.0000
vt 0.9501 0.8134 0.0000
vt 0.9146 0.7619 0.0000
vt 0.8871 0.7599 0.0000
vt 0.8890 0.7388 0.0000
vt 0.9219 0.7482 0.0000
vt 0.9032 0.7814 0.0000
vt 0.8857 0.7815 0.0000
vt 0.9034 0.8026 0.0000
vt 0.8860 0.8027 0.0000
vt 0.5953 0.2613 0.0000
vt 0.6094 0.2613 0.0000
vt 0.6085 0.5783 0.0000
vt 0.5944 0.5782 0.0000
vt 0.5246 0.2611 0.0000
vt 0.5387 0.2612 0.0000
vt 0.5378 0.5781 0.0000
vt 0.5237 0.5780 0.0000
vt 0.5528 0.2612 0.0000
vt 0.5520 0.5781 0.0000
vt 0.5670 0.2612 0.0000
vt 0.5661 0.5781 0.0000
vt 0.5811 0.2613 0.0000
vt 0.5803 0.5782 0.0000
vt 0.9431 0.8123 0.0000
vt 0.9293 0.8123 0.0000
vt 0.9303 0.8066 0.0000
vt 0.9399 0.8068 0.0000
vt 0.9429 0.7711 0.0000
vt 0.9397 0.7765 0.0000
vt 0.9290 0.7712 0.0000
vt 0.9301 0.7769 0.0000
vt 0.9097 0.7816 0.0000
vt 0.9160 0.7846 0.0000
vt 0.9099 0.8022 0.0000
vt 0.9160 0.7991 0.0000
vt 0.9304 0.7918 0.0000
vt 0.6101 0.0138 0.0000
vt 0.5959 0.0138 0.0000
vt 0.9220 0.8204 0.0000
vt 0.9290 0.8321 0.0000
vt 0.5394 0.0136 0.0000
vt 0.5252 0.0136 0.0000
vt 0.5535 0.0137 0.0000
vt 0.9284 0.7511 0.0000
vt 0.9216 0.7631 0.0000
vt 0.5676 0.0137 0.0000
vt 0.5818 0.0137 0.0000
vt 0.8856 0.8456 0.0000
vt 0.8834 0.8246 0.0000
vt 0.9881 0.7697 0.0000
vt 0.9883 0.8132 0.0000
vt 0.8827 0.7595 0.0000
vt 0.8846 0.7384 0.0000
vt 0.8813 0.7814 0.0000
vt 0.8816 0.8029 0.0000
vt 0.8506 0.7997 0.0000
vt 0.8630 0.8066 0.0000
vt 0.8631 0.8140 0.0000
vt 0.8423 0.8143 0.0000
vt 0.8751 0.7993 0.0000
vt 0.8749 0.7852 0.0000
vt 0.8626 0.7783 0.0000
vt 0.8625 0.7708 0.0000
vt 0.8504 0.7855 0.0000
vt 0.8417 0.7711 0.0000
vt 0.9225 0.6953 0.0000
vt 0.8898 0.7052 0.0000
vt 0.8876 0.6842 0.0000
vt 0.9150 0.6818 0.0000
vt 0.9499 0.6301 0.0000
vt 0.9837 0.6300 0.0000
vt 0.9839 0.6735 0.0000
vt 0.9500 0.6736 0.0000
vt 0.9147 0.6220 0.0000
vt 0.8873 0.6199 0.0000
vt 0.8892 0.5989 0.0000
vt 0.9220 0.6084 0.0000
vt 0.9032 0.6414 0.0000
vt 0.8857 0.6414 0.0000
vt 0.9033 0.6626 0.0000
vt 0.8859 0.6627 0.0000
vt 0.3867 0.2608 0.0000
vt 0.4008 0.2608 0.0000
vt 0.4007 0.5777 0.0000
vt 0.3865 0.5777 0.0000
vt 0.3160 0.2607 0.0000
vt 0.3301 0.2607 0.0000
vt 0.3300 0.5777 0.0000
vt 0.3158 0.5776 0.0000
vt 0.3443 0.2607 0.0000
vt 0.3441 0.5777 0.0000
vt 0.3584 0.2608 0.0000
vt 0.3582 0.5777 0.0000
vt 0.3725 0.2608 0.0000
vt 0.3724 0.5777 0.0000
vt 0.9431 0.6725 0.0000
vt 0.9292 0.6725 0.0000
vt 0.9302 0.6667 0.0000
vt 0.9398 0.6670 0.0000
vt 0.9430 0.6312 0.0000
vt 0.9397 0.6367 0.0000
vt 0.9291 0.6313 0.0000
vt 0.9301 0.6370 0.0000
vt 0.9097 0.6417 0.0000
vt 0.9160 0.6446 0.0000
vt 0.9098 0.6623 0.0000
vt 0.9160 0.6592 0.0000
vt 0.9303 0.6519 0.0000
vt 0.4009 0.0132 0.0000
vt 0.3868 0.0132 0.0000
vt 0.9219 0.6806 0.0000
vt 0.9288 0.6923 0.0000
vt 0.3302 0.0132 0.0000
vt 0.3161 0.0132 0.0000
vt 0.3444 0.0132 0.0000
vt 0.9285 0.6114 0.0000
vt 0.9216 0.6232 0.0000
vt 0.3585 0.0132 0.0000
vt 0.3727 0.0132 0.0000
vt 0.8854 0.7057 0.0000
vt 0.8832 0.6846 0.0000
vt 0.9881 0.6300 0.0000
vt 0.9882 0.6735 0.0000
vt 0.8829 0.6196 0.0000
vt 0.8848 0.5985 0.0000
vt 0.8814 0.6413 0.0000
vt 0.8815 0.6629 0.0000
vt 0.8505 0.6593 0.0000
vt 0.8628 0.6663 0.0000
vt 0.8628 0.6738 0.0000
vt 0.8420 0.6739 0.0000
vt 0.8750 0.6592 0.0000
vt 0.8749 0.6450 0.0000
vt 0.8626 0.6380 0.0000
vt 0.8626 0.6305 0.0000
vt 0.8504 0.6451 0.0000
vt 0.8418 0.6306 0.0000
vt 0.5214 0.8660 0.0000
vt 0.5226 0.8653 0.0000
vt 0.5229 0.8660 0.0000
vt 0.5219 0.8666 0.0000
vt 0.5239 0.8650 0.0000
vt 0.5240 0.8657 0.0000
vt 0.5241 0.8664 0.0000
vt 0.5234 0.8668 0.0000
vt 0.5225 0.8675 0.0000
vt 0.5266 0.8656 0.0000
vt 0.5262 0.8662 0.0000
vt 0.5251 0.8658 0.0000
vt 0.5253 0.8651 0.0000
vt 0.5258 0.8672 0.0000
vt 0.5248 0.8667 0.0000
vt 0.5244 0.8702 0.0000
vt 0.5233 0.8686 0.0000
vt 0.5242 0.8677 0.0000
vt 0.5252 0.8684 0.0000
vt 0.5193 0.8707 0.0000
vt 0.5193 0.8693 0.0000
vt 0.5200 0.8694 0.0000
vt 0.5200 0.8706 0.0000
vt 0.5197 0.8680 0.0000
vt 0.5203 0.8683 0.0000
vt 0.5209 0.8686 0.0000
vt 0.5209 0.8694 0.0000
vt 0.5211 0.8705 0.0000
vt 0.5209 0.8674 0.0000
vt 0.5204 0.8669 0.0000
vt 0.5215 0.8681 0.0000
vt 0.5224 0.8704 0.0000
vt 0.5221 0.8692 0.0000
vt 0.5222 0.8749 0.0000
vt 0.5211 0.8742 0.0000
vt 0.5215 0.8736 0.0000
vt 0.5225 0.8742 0.0000
vt 0.5201 0.8732 0.0000
vt 0.5207 0.8728 0.0000
vt 0.5212 0.8724 0.0000
vt 0.5220 0.8728 0.0000
vt 0.5230 0.8732 0.0000
vt 0.5202 0.8718 0.0000
vt 0.5195 0.8720 0.0000
vt 0.5211 0.8716 0.0000
vt 0.5236 0.8720 0.0000
vt 0.5223 0.8717 0.0000
vt 0.5273 0.8744 0.0000
vt 0.5261 0.8751 0.0000
vt 0.5259 0.8744 0.0000
vt 0.5269 0.8738 0.0000
vt 0.5248 0.8754 0.0000
vt 0.5248 0.8747 0.0000
vt 0.5247 0.8740 0.0000
vt 0.5254 0.8736 0.0000
vt 0.5263 0.8729 0.0000
vt 0.5237 0.8746 0.0000
vt 0.5235 0.8753 0.0000
vt 0.5240 0.8737 0.0000
vt 0.5255 0.8718 0.0000
vt 0.5246 0.8727 0.0000
vt 0.5295 0.8698 0.0000
vt 0.5295 0.8711 0.0000
vt 0.5288 0.8710 0.0000
vt 0.5287 0.8698 0.0000
vt 0.5291 0.8724 0.0000
vt 0.5285 0.8721 0.0000
vt 0.5279 0.8718 0.0000
vt 0.5278 0.8710 0.0000
vt 0.5277 0.8699 0.0000
vt 0.5278 0.8730 0.0000
vt 0.5283 0.8735 0.0000
vt 0.5272 0.8723 0.0000
vt 0.5263 0.8700 0.0000
vt 0.5267 0.8713 0.0000
vt 0.5277 0.8663 0.0000
vt 0.5273 0.8668 0.0000
vt 0.5286 0.8672 0.0000
vt 0.5281 0.8676 0.0000
vt 0.5275 0.8680 0.0000
vt 0.5268 0.8676 0.0000
vt 0.5286 0.8687 0.0000
vt 0.5292 0.8684 0.0000
vt 0.5276 0.8688 0.0000
vt 0.5264 0.8688 0.0000
vt 0.5220 0.9259 0.0000
vt 0.5233 0.9263 0.0000
vt 0.5232 0.9268 0.0000
vt 0.5218 0.9264 0.0000
vt 0.5247 0.9264 0.0000
vt 0.5247 0.9268 0.0000
vt 0.5248 0.9276 0.0000
vt 0.5231 0.9275 0.0000
vt 0.5215 0.9270 0.0000
vt 0.5272 0.9255 0.0000
vt 0.5275 0.9259 0.0000
vt 0.5261 0.9265 0.0000
vt 0.5260 0.9261 0.0000
vt 0.5279 0.9265 0.0000
vt 0.5264 0.9272 0.0000
vt 0.5331 0.9338 0.0000
vt 0.5296 0.9358 0.0000
vt 0.5272 0.9293 0.0000
vt 0.5292 0.9283 0.0000
vt 0.5256 0.9366 0.0000
vt 0.5250 0.9299 0.0000
vt 0.5177 0.9352 0.0000
vt 0.5205 0.9290 0.0000
vt 0.5227 0.9297 0.0000
vt 0.5215 0.9366 0.0000
vt 0.5282 0.9245 0.0000
vt 0.5286 0.9248 0.0000
vt 0.5290 0.9234 0.0000
vt 0.5293 0.9236 0.0000
vt 0.5300 0.9239 0.0000
vt 0.5291 0.9253 0.0000
vt 0.5294 0.9207 0.0000
vt 0.5299 0.9207 0.0000
vt 0.5298 0.9222 0.0000
vt 0.5293 0.9221 0.0000
vt 0.5306 0.9206 0.0000
vt 0.5305 0.9223 0.0000
vt 0.5395 0.9198 0.0000
vt 0.5396 0.9239 0.0000
vt 0.5327 0.9227 0.0000
vt 0.5328 0.9204 0.0000
vt 0.5382 0.9277 0.0000
vt 0.5321 0.9249 0.0000
vt 0.5308 0.9268 0.0000
vt 0.5361 0.9312 0.0000
vt 0.5291 0.9194 0.0000
vt 0.5295 0.9192 0.0000
vt 0.5285 0.9182 0.0000
vt 0.5288 0.9179 0.0000
vt 0.5294 0.9175 0.0000
vt 0.5302 0.9190 0.0000
vt 0.5264 0.9165 0.0000
vt 0.5266 0.9160 0.0000
vt 0.5278 0.9169 0.0000
vt 0.5276 0.9172 0.0000
vt 0.5269 0.9154 0.0000
vt 0.5283 0.9163 0.0000
vt 0.5307 0.9072 0.0000
vt 0.5342 0.9092 0.0000
vt 0.5297 0.9146 0.0000
vt 0.5278 0.9133 0.0000
vt 0.5368 0.9123 0.0000
vt 0.5313 0.9162 0.0000
vt 0.5323 0.9182 0.0000
vt 0.5389 0.9159 0.0000
vt 0.5251 0.9161 0.0000
vt 0.5252 0.9156 0.0000
vt 0.5237 0.9160 0.0000
vt 0.5237 0.9156 0.0000
vt 0.5236 0.9148 0.0000
vt 0.5253 0.9149 0.0000
vt 0.5212 0.9169 0.0000
vt 0.5209 0.9166 0.0000
vt 0.5223 0.9159 0.0000
vt 0.5224 0.9163 0.0000
vt 0.5205 0.9159 0.0000
vt 0.5220 0.9152 0.0000
vt 0.5154 0.9086 0.0000
vt 0.5189 0.9069 0.0000
vt 0.5212 0.9131 0.0000
vt 0.5193 0.9142 0.0000
vt 0.5227 0.9058 0.0000
vt 0.5234 0.9126 0.0000
vt 0.5257 0.9127 0.0000
vt 0.5269 0.9058 0.0000
vt 0.5202 0.9179 0.0000
vt 0.5199 0.9176 0.0000
vt 0.5195 0.9190 0.0000
vt 0.5191 0.9188 0.0000
vt 0.5184 0.9185 0.0000
vt 0.5193 0.9171 0.0000
vt 0.5190 0.9217 0.0000
vt 0.5185 0.9217 0.0000
vt 0.5186 0.9202 0.0000
vt 0.5191 0.9203 0.0000
vt 0.5178 0.9218 0.0000
vt 0.5179 0.9201 0.0000
vt 0.5088 0.9225 0.0000
vt 0.5088 0.9185 0.0000
vt 0.5157 0.9197 0.0000
vt 0.5156 0.9219 0.0000
vt 0.5103 0.9146 0.0000
vt 0.5163 0.9175 0.0000
vt 0.5176 0.9156 0.0000
vt 0.5126 0.9114 0.0000
vt 0.5193 0.9230 0.0000
vt 0.5189 0.9231 0.0000
vt 0.5199 0.9242 0.0000
vt 0.5196 0.9244 0.0000
vt 0.5190 0.9249 0.0000
vt 0.5182 0.9234 0.0000
vt 0.5206 0.9255 0.0000
vt 0.5208 0.9252 0.0000
vt 0.5201 0.9261 0.0000
vt 0.5142 0.9332 0.0000
vt 0.5187 0.9278 0.0000
vt 0.5116 0.9300 0.0000
vt 0.5171 0.9262 0.0000
vt 0.5161 0.9241 0.0000
vt 0.5095 0.9265 0.0000
vt 0.5310 0.8562 0.0000
vt 0.5281 0.8624 0.0000
vt 0.5259 0.8617 0.0000
vt 0.5272 0.8548 0.0000
vt 0.5271 0.8644 0.0000
vt 0.5255 0.8639 0.0000
vt 0.5238 0.8639 0.0000
vt 0.5236 0.8615 0.0000
vt 0.5231 0.8547 0.0000
vt 0.5254 0.8647 0.0000
vt 0.5268 0.8651 0.0000
vt 0.5239 0.8646 0.0000
vt 0.5212 0.8656 0.0000
vt 0.5225 0.8649 0.0000
vt 0.5207 0.8650 0.0000
vt 0.5222 0.8642 0.0000
vt 0.5155 0.8575 0.0000
vt 0.5190 0.8554 0.0000
vt 0.5214 0.8621 0.0000
vt 0.5194 0.8631 0.0000
vt 0.5398 0.8689 0.0000
vt 0.5330 0.8695 0.0000
vt 0.5325 0.8673 0.0000
vt 0.5391 0.8649 0.0000
vt 0.5308 0.8697 0.0000
vt 0.5304 0.8680 0.0000
vt 0.5296 0.8666 0.0000
vt 0.5315 0.8652 0.0000
vt 0.5371 0.8614 0.0000
vt 0.5297 0.8683 0.0000
vt 0.5300 0.8697 0.0000
vt 0.5290 0.8670 0.0000
vt 0.5280 0.8659 0.0000
vt 0.5285 0.8653 0.0000
vt 0.5345 0.8582 0.0000
vt 0.5299 0.8636 0.0000
vt 0.5332 0.8828 0.0000
vt 0.5293 0.8773 0.0000
vt 0.5310 0.8758 0.0000
vt 0.5363 0.8803 0.0000
vt 0.5281 0.8754 0.0000
vt 0.5293 0.8743 0.0000
vt 0.5301 0.8729 0.0000
vt 0.5323 0.8739 0.0000
vt 0.5383 0.8768 0.0000
vt 0.5287 0.8738 0.0000
vt 0.5276 0.8748 0.0000
vt 0.5294 0.8726 0.0000
vt 0.5299 0.8712 0.0000
vt 0.5307 0.8713 0.0000
vt 0.5398 0.8729 0.0000
vt 0.5329 0.8717 0.0000
vt 0.5180 0.8841 0.0000
vt 0.5208 0.8781 0.0000
vt 0.5229 0.8787 0.0000
vt 0.5217 0.8855 0.0000
vt 0.5217 0.8760 0.0000
vt 0.5233 0.8765 0.0000
vt 0.5249 0.8765 0.0000
vt 0.5252 0.8789 0.0000
vt 0.5257 0.8855 0.0000
vt 0.5234 0.8757 0.0000
vt 0.5220 0.8753 0.0000
vt 0.5249 0.8758 0.0000
vt 0.5263 0.8755 0.0000
vt 0.5266 0.8762 0.0000
vt 0.5297 0.8848 0.0000
vt 0.5274 0.8783 0.0000
vt 0.5089 0.8716 0.0000
vt 0.5157 0.8710 0.0000
vt 0.5163 0.8732 0.0000
vt 0.5095 0.8757 0.0000
vt 0.5180 0.8708 0.0000
vt 0.5184 0.8724 0.0000
vt 0.5192 0.8739 0.0000
vt 0.5173 0.8752 0.0000
vt 0.5117 0.8793 0.0000
vt 0.5191 0.8721 0.0000
vt 0.5188 0.8707 0.0000
vt 0.5198 0.8734 0.0000
vt 0.5208 0.8745 0.0000
vt 0.5203 0.8751 0.0000
vt 0.5146 0.8822 0.0000
vt 0.5188 0.8769 0.0000
vt 0.5178 0.8646 0.0000
vt 0.5123 0.8601 0.0000
vt 0.5195 0.8661 0.0000
vt 0.5186 0.8675 0.0000
vt 0.5165 0.8665 0.0000
vt 0.5103 0.8636 0.0000
vt 0.5201 0.8666 0.0000
vt 0.5193 0.8678 0.0000
vt 0.5189 0.8692 0.0000
vt 0.5181 0.8691 0.0000
vt 0.5088 0.8675 0.0000
vt 0.5158 0.8687 0.0000
vt 0.5213 0.9246 0.0000
vt 0.5223 0.9252 0.0000
vt 0.5204 0.9238 0.0000
vt 0.5210 0.9234 0.0000
vt 0.5217 0.9238 0.0000
vt 0.5228 0.9242 0.0000
vt 0.5198 0.9216 0.0000
vt 0.5200 0.9228 0.0000
vt 0.5209 0.9215 0.0000
vt 0.5209 0.9226 0.0000
vt 0.5242 0.9212 0.0000
vt 0.5234 0.9230 0.0000
vt 0.5221 0.9227 0.0000
vt 0.5222 0.9214 0.0000
vt 0.5198 0.9204 0.0000
vt 0.5200 0.9193 0.0000
vt 0.5207 0.9196 0.0000
vt 0.5207 0.9204 0.0000
vt 0.5217 0.9176 0.0000
vt 0.5207 0.9183 0.0000
vt 0.5223 0.9184 0.0000
vt 0.5213 0.9191 0.0000
vt 0.5219 0.9201 0.0000
vt 0.5231 0.9196 0.0000
vt 0.5227 0.9169 0.0000
vt 0.5238 0.9166 0.0000
vt 0.5239 0.9173 0.0000
vt 0.5232 0.9178 0.0000
vt 0.5261 0.9172 0.0000
vt 0.5249 0.9167 0.0000
vt 0.5256 0.9181 0.0000
vt 0.5246 0.9176 0.0000
vt 0.5240 0.9187 0.0000
vt 0.5250 0.9194 0.0000
vt 0.5271 0.9178 0.0000
vt 0.5280 0.9186 0.0000
vt 0.5274 0.9190 0.0000
vt 0.5267 0.9186 0.0000
vt 0.5286 0.9208 0.0000
vt 0.5284 0.9196 0.0000
vt 0.5276 0.9209 0.0000
vt 0.5275 0.9198 0.0000
vt 0.5263 0.9197 0.0000
vt 0.5262 0.9210 0.0000
vt 0.5286 0.9220 0.0000
vt 0.5284 0.9231 0.0000
vt 0.5277 0.9228 0.0000
vt 0.5277 0.9220 0.0000
vt 0.5268 0.9248 0.0000
vt 0.5277 0.9241 0.0000
vt 0.5261 0.9239 0.0000
vt 0.5271 0.9233 0.0000
vt 0.5265 0.9223 0.0000
vt 0.5253 0.9228 0.0000
vt 0.5257 0.9254 0.0000
vt 0.5246 0.9258 0.0000
vt 0.5245 0.9251 0.0000
vt 0.5252 0.9246 0.0000
vt 0.5235 0.9256 0.0000
vt 0.5238 0.9248 0.0000
vt 0.5244 0.9237 0.0000
vt 0.5228 0.9856 0.0000
vt 0.5228 0.9773 0.0000
vt 0.5251 0.9773 0.0000
vt 0.5251 0.9856 0.0000
vt 0.5228 0.9673 0.0000
vt 0.5251 0.9673 0.0000
vt 0.5275 0.9673 0.0000
vt 0.5275 0.9773 0.0000
vt 0.5275 0.9856 0.0000
vt 0.5228 0.9489 0.0000
vt 0.5251 0.9489 0.0000
vt 0.5251 0.9573 0.0000
vt 0.5228 0.9573 0.0000
vt 0.5275 0.9489 0.0000
vt 0.5275 0.9573 0.0000
vt 0.5323 0.9489 0.0000
vt 0.5323 0.9573 0.0000
vt 0.5299 0.9573 0.0000
vt 0.5299 0.9489 0.0000
vt 0.5323 0.9673 0.0000
vt 0.5299 0.9673 0.0000
vt 0.5323 0.9856 0.0000
vt 0.5299 0.9856 0.0000
vt 0.5299 0.9773 0.0000
vt 0.5323 0.9773 0.0000
vt 0.5132 0.9856 0.0000
vt 0.5132 0.9773 0.0000
vt 0.5156 0.9773 0.0000
vt 0.5156 0.9856 0.0000
vt 0.5132 0.9673 0.0000
vt 0.5156 0.9673 0.0000
vt 0.5180 0.9673 0.0000
vt 0.5180 0.9773 0.0000
vt 0.5180 0.9856 0.0000
vt 0.5132 0.9489 0.0000
vt 0.5156 0.9489 0.0000
vt 0.5156 0.9573 0.0000
vt 0.5132 0.9573 0.0000
vt 0.5180 0.9489 0.0000
vt 0.5180 0.9573 0.0000
vt 0.5204 0.9573 0.0000
vt 0.5204 0.9489 0.0000
vt 0.5204 0.9673 0.0000
vt 0.5204 0.9856 0.0000
vt 0.5204 0.9773 0.0000
vt 0.5037 0.9856 0.0000
vt 0.5037 0.9773 0.0000
vt 0.5061 0.9773 0.0000
vt 0.5061 0.9856 0.0000
vt 0.5037 0.9673 0.0000
vt 0.5061 0.9673 0.0000
vt 0.5085 0.9673 0.0000
vt 0.5085 0.9773 0.0000
vt 0.5085 0.9856 0.0000
vt 0.5037 0.9489 0.0000
vt 0.5061 0.9489 0.0000
vt 0.5061 0.9573 0.0000
vt 0.5037 0.9573 0.0000
vt 0.5085 0.9489 0.0000
vt 0.5085 0.9573 0.0000
vt 0.5108 0.9573 0.0000
vt 0.5108 0.9489 0.0000
vt 0.5108 0.9673 0.0000
vt 0.5108 0.9856 0.0000
vt 0.5108 0.9773 0.0000
vt 0.5514 0.9856 0.0000
vt 0.5514 0.9773 0.0000
vt 0.5538 0.9773 0.0000
vt 0.5538 0.9856 0.0000
vt 0.5514 0.9673 0.0000
vt 0.5538 0.9673 0.0000
vt 0.5562 0.9673 0.0000
vt 0.5562 0.9773 0.0000
vt 0.5562 0.9856 0.0000
vt 0.5514 0.9489 0.0000
vt 0.5538 0.9489 0.0000
vt 0.5538 0.9573 0.0000
vt 0.5514 0.9573 0.0000
vt 0.5562 0.9489 0.0000
vt 0.5562 0.9573 0.0000
vt 0.5013 0.9573 0.0000
vt 0.5013 0.9489 0.0000
vt 0.5013 0.9673 0.0000
vt 0.4989 0.9673 0.0000
vt 0.4989 0.9573 0.0000
vt 0.4989 0.9489 0.0000
vt 0.5013 0.9856 0.0000
vt 0.5013 0.9773 0.0000
vt 0.4989 0.9856 0.0000
vt 0.4989 0.9773 0.0000
vt 0.5419 0.9856 0.0000
vt 0.5419 0.9773 0.0000
vt 0.5442 0.9773 0.0000
vt 0.5442 0.9856 0.0000
vt 0.5419 0.9673 0.0000
vt 0.5442 0.9673 0.0000
vt 0.5466 0.9673 0.0000
vt 0.5466 0.9773 0.0000
vt 0.5466 0.9856 0.0000
vt 0.5419 0.9489 0.0000
vt 0.5442 0.9489 0.0000
vt 0.5442 0.9573 0.0000
vt 0.5419 0.9573 0.0000
vt 0.5466 0.9489 0.0000
vt 0.5466 0.9573 0.0000
vt 0.5490 0.9573 0.0000
vt 0.5490 0.9489 0.0000
vt 0.5490 0.9673 0.0000
vt 0.5490 0.9856 0.0000
vt 0.5490 0.9773 0.0000
vt 0.5347 0.9773 0.0000
vt 0.5347 0.9856 0.0000
vt 0.5347 0.9673 0.0000
vt 0.5371 0.9673 0.0000
vt 0.5371 0.9773 0.0000
vt 0.5371 0.9856 0.0000
vt 0.5347 0.9489 0.0000
vt 0.5347 0.9573 0.0000
vt 0.5371 0.9489 0.0000
vt 0.5371 0.9573 0.0000
vt 0.5395 0.9573 0.0000
vt 0.5395 0.9489 0.0000
vt 0.5395 0.9673 0.0000
vt 0.5395 0.9856 0.0000
vt 0.5395 0.9773 0.0000
vt 0.2407 0.8659 0.0000
vt 0.2479 0.8653 0.0000
vt 0.2481 0.8666 0.0000
vt 0.2407 0.8672 0.0000
vt 0.2552 0.8638 0.0000
vt 0.2556 0.8652 0.0000
vt 0.2571 0.8708 0.0000
vt 0.2488 0.8723 0.0000
vt 0.2407 0.8727 0.0000
vt 0.2626 0.8607 0.0000
vt 0.2633 0.8621 0.0000
vt 0.2704 0.8556 0.0000
vt 0.2717 0.8570 0.0000
vt 0.2753 0.8642 0.0000
vt 0.2659 0.8682 0.0000
vt 0.3264 0.8557 0.0000
vt 0.3342 0.8608 0.0000
vt 0.3335 0.8621 0.0000
vt 0.3251 0.8570 0.0000
vt 0.3416 0.8638 0.0000
vt 0.3412 0.8652 0.0000
vt 0.3397 0.8709 0.0000
vt 0.3308 0.8683 0.0000
vt 0.3215 0.8643 0.0000
vt 0.3489 0.8654 0.0000
vt 0.3487 0.8666 0.0000
vt 0.3560 0.8659 0.0000
vt 0.3561 0.8673 0.0000
vt 0.3561 0.8728 0.0000
vt 0.3479 0.8724 0.0000
vt 0.3632 0.8653 0.0000
vt 0.3634 0.8666 0.0000
vt 0.3705 0.8638 0.0000
vt 0.3709 0.8652 0.0000
vt 0.3724 0.8708 0.0000
vt 0.3642 0.8724 0.0000
vt 0.3779 0.8607 0.0000
vt 0.3786 0.8620 0.0000
vt 0.3857 0.8556 0.0000
vt 0.3870 0.8569 0.0000
vt 0.3906 0.8642 0.0000
vt 0.3813 0.8682 0.0000
vt 0.2111 0.8555 0.0000
vt 0.2189 0.8606 0.0000
vt 0.2182 0.8620 0.0000
vt 0.2098 0.8568 0.0000
vt 0.2263 0.8637 0.0000
vt 0.2259 0.8651 0.0000
vt 0.2244 0.8708 0.0000
vt 0.2155 0.8681 0.0000
vt 0.2062 0.8641 0.0000
vt 0.2335 0.8653 0.0000
vt 0.2334 0.8665 0.0000
vt 0.2326 0.8723 0.0000
vt 0.2406 0.9111 0.0000
vt 0.2509 0.9111 0.0000
vt 0.2509 0.9217 0.0000
vt 0.2406 0.9216 0.0000
vt 0.2622 0.9136 0.0000
vt 0.2602 0.9223 0.0000
vt 0.2601 0.9299 0.0000
vt 0.2509 0.9296 0.0000
vt 0.2406 0.9295 0.0000
vt 0.2688 0.9220 0.0000
vt 0.2665 0.9242 0.0000
vt 0.2727 0.9253 0.0000
vt 0.2708 0.9260 0.0000
vt 0.2704 0.9312 0.0000
vt 0.2663 0.9306 0.0000
vt 0.3135 0.9096 0.0000
vt 0.3239 0.9103 0.0000
vt 0.3213 0.9212 0.0000
vt 0.3128 0.9208 0.0000
vt 0.3346 0.9136 0.0000
vt 0.3280 0.9220 0.0000
vt 0.3241 0.9253 0.0000
vt 0.3190 0.9250 0.0000
vt 0.3126 0.9247 0.0000
vt 0.3459 0.9111 0.0000
vt 0.3458 0.9217 0.0000
vt 0.3365 0.9223 0.0000
vt 0.3561 0.9112 0.0000
vt 0.3562 0.9217 0.0000
vt 0.3562 0.9296 0.0000
vt 0.3459 0.9296 0.0000
vt 0.3367 0.9300 0.0000
vt 0.3664 0.9111 0.0000
vt 0.3665 0.9217 0.0000
vt 0.3777 0.9135 0.0000
vt 0.3758 0.9223 0.0000
vt 0.3757 0.9299 0.0000
vt 0.3664 0.9296 0.0000
vt 0.3843 0.9219 0.0000
vt 0.3821 0.9241 0.0000
vt 0.3882 0.9252 0.0000
vt 0.3863 0.9260 0.0000
vt 0.3859 0.9311 0.0000
vt 0.3819 0.9305 0.0000
vt 0.1980 0.9093 0.0000
vt 0.2084 0.9101 0.0000
vt 0.2058 0.9210 0.0000
vt 0.1973 0.9206 0.0000
vt 0.2191 0.9135 0.0000
vt 0.2124 0.9219 0.0000
vt 0.2085 0.9251 0.0000
vt 0.2034 0.9248 0.0000
vt 0.1970 0.9245 0.0000
vt 0.2304 0.9110 0.0000
vt 0.2303 0.9216 0.0000
vt 0.2210 0.9222 0.0000
vt 0.2303 0.9295 0.0000
vt 0.2211 0.9299 0.0000
vt 0.2504 0.9430 0.0000
vt 0.2406 0.9428 0.0000
vt 0.2594 0.9436 0.0000
vt 0.2577 0.9577 0.0000
vt 0.2495 0.9565 0.0000
vt 0.2405 0.9560 0.0000
vt 0.2654 0.9441 0.0000
vt 0.2694 0.9446 0.0000
vt 0.2671 0.9596 0.0000
vt 0.2634 0.9587 0.0000
vt 0.3463 0.9431 0.0000
vt 0.3374 0.9436 0.0000
vt 0.3562 0.9428 0.0000
vt 0.3562 0.9561 0.0000
vt 0.3472 0.9566 0.0000
vt 0.3390 0.9577 0.0000
vt 0.3661 0.9430 0.0000
vt 0.3750 0.9436 0.0000
vt 0.3734 0.9576 0.0000
vt 0.3652 0.9565 0.0000
vt 0.3810 0.9441 0.0000
vt 0.3850 0.9445 0.0000
vt 0.3828 0.9595 0.0000
vt 0.3790 0.9587 0.0000
vt 0.2307 0.9430 0.0000
vt 0.2218 0.9435 0.0000
vt 0.2316 0.9565 0.0000
vt 0.2234 0.9576 0.0000
vt 0.2484 0.9655 0.0000
vt 0.2405 0.9647 0.0000
vt 0.2556 0.9671 0.0000
vt 0.2525 0.9725 0.0000
vt 0.2470 0.9708 0.0000
vt 0.2405 0.9701 0.0000
vt 0.2606 0.9688 0.0000
vt 0.2640 0.9701 0.0000
vt 0.2593 0.9767 0.0000
vt 0.2565 0.9746 0.0000
vt 0.3483 0.9655 0.0000
vt 0.3411 0.9672 0.0000
vt 0.3562 0.9648 0.0000
vt 0.3562 0.9702 0.0000
vt 0.3498 0.9708 0.0000
vt 0.3443 0.9726 0.0000
vt 0.3642 0.9655 0.0000
vt 0.3714 0.9671 0.0000
vt 0.3682 0.9725 0.0000
vt 0.3627 0.9708 0.0000
vt 0.3763 0.9687 0.0000
vt 0.3798 0.9701 0.0000
vt 0.3751 0.9766 0.0000
vt 0.3723 0.9746 0.0000
vt 0.2326 0.9654 0.0000
vt 0.2254 0.9671 0.0000
vt 0.2340 0.9707 0.0000
vt 0.2285 0.9725 0.0000
vt 0.2473 0.8614 0.0000
vt 0.2539 0.8598 0.0000
vt 0.2407 0.8619 0.0000
vt 0.2408 0.8553 0.0000
vt 0.2463 0.8551 0.0000
vt 0.2516 0.8535 0.0000
vt 0.2604 0.8569 0.0000
vt 0.2665 0.8520 0.0000
vt 0.2567 0.8513 0.0000
vt 0.2608 0.8475 0.0000
vt 0.3364 0.8569 0.0000
vt 0.3429 0.8598 0.0000
vt 0.3302 0.8520 0.0000
vt 0.3360 0.8476 0.0000
vt 0.3401 0.8513 0.0000
vt 0.3452 0.8536 0.0000
vt 0.3495 0.8615 0.0000
vt 0.3560 0.8619 0.0000
vt 0.3505 0.8552 0.0000
vt 0.3560 0.8553 0.0000
vt 0.3626 0.8615 0.0000
vt 0.3692 0.8598 0.0000
vt 0.3616 0.8552 0.0000
vt 0.3669 0.8535 0.0000
vt 0.3756 0.8569 0.0000
vt 0.3818 0.8519 0.0000
vt 0.3720 0.8513 0.0000
vt 0.3761 0.8475 0.0000
vt 0.2211 0.8568 0.0000
vt 0.2276 0.8597 0.0000
vt 0.2150 0.8519 0.0000
vt 0.2207 0.8475 0.0000
vt 0.2248 0.8512 0.0000
vt 0.2299 0.8535 0.0000
vt 0.2342 0.8614 0.0000
vt 0.2352 0.8551 0.0000
vt 0.2360 0.9734 0.0000
vt 0.2337 0.9754 0.0000
vt 0.2405 0.9734 0.0000
vt 0.2405 0.9764 0.0000
vt 0.3518 0.9735 0.0000
vt 0.3494 0.9755 0.0000
vt 0.3562 0.9735 0.0000
vt 0.3563 0.9764 0.0000
vt 0.2473 0.9755 0.0000
vt 0.2494 0.9783 0.0000
vt 0.2405 0.9798 0.0000
vt 0.2511 0.9812 0.0000
vt 0.2405 0.9829 0.0000
vt 0.2450 0.9734 0.0000
vt 0.3607 0.9734 0.0000
vt 0.3631 0.9755 0.0000
vt 0.4684 0.9372 0.0000
vt 0.4712 0.9374 0.0000
vt 0.4708 0.9491 0.0000
vt 0.4681 0.9490 0.0000
vt 0.3264 0.9313 0.0000
vt 0.3274 0.9446 0.0000
vt 0.3257 0.9448 0.0000
vt 0.3247 0.9315 0.0000
vt 0.3296 0.9596 0.0000
vt 0.3280 0.9600 0.0000
vt 0.4679 0.9630 0.0000
vt 0.4706 0.9629 0.0000
vt 0.4275 0.9099 0.0000
vt 0.4248 0.9098 0.0000
vt 0.4252 0.8981 0.0000
vt 0.4279 0.8982 0.0000
vt 0.2108 0.9311 0.0000
vt 0.2118 0.9444 0.0000
vt 0.2101 0.9446 0.0000
vt 0.2091 0.9313 0.0000
vt 0.2140 0.9594 0.0000
vt 0.2123 0.9598 0.0000
vt 0.4281 0.8842 0.0000
vt 0.4253 0.8843 0.0000
vt 0.4705 0.9732 0.0000
vt 0.4678 0.9735 0.0000
vt 0.3327 0.9702 0.0000
vt 0.3312 0.9708 0.0000
vt 0.3374 0.9767 0.0000
vt 0.3361 0.9776 0.0000
vt 0.4655 0.9790 0.0000
vt 0.4677 0.9803 0.0000
vt 0.4254 0.8740 0.0000
vt 0.4282 0.8737 0.0000
vt 0.2170 0.9700 0.0000
vt 0.2154 0.9707 0.0000
vt 0.2216 0.9766 0.0000
vt 0.2204 0.9775 0.0000
vt 0.4305 0.8682 0.0000
vt 0.4283 0.8669 0.0000
vt 0.4478 0.9834 0.0000
vt 0.4478 0.9861 0.0000
vt 0.4365 0.9846 0.0000
vt 0.4364 0.9820 0.0000
vt 0.3563 0.9830 0.0000
vt 0.3668 0.9812 0.0000
vt 0.3676 0.9824 0.0000
vt 0.3563 0.9844 0.0000
vt 0.3764 0.9776 0.0000
vt 0.4301 0.9789 0.0000
vt 0.4280 0.9801 0.0000
vt 0.4369 0.8626 0.0000
vt 0.4368 0.8651 0.0000
vt 0.2299 0.9811 0.0000
vt 0.2292 0.9824 0.0000
vt 0.2405 0.9843 0.0000
vt 0.4482 0.8638 0.0000
vt 0.4482 0.8611 0.0000
vt 0.4591 0.9846 0.0000
vt 0.4592 0.9821 0.0000
vt 0.3457 0.9812 0.0000
vt 0.3450 0.9825 0.0000
vt 0.2147 0.9241 0.0000
vt 0.2149 0.9305 0.0000
vt 0.2105 0.9259 0.0000
vt 0.3884 0.9101 0.0000
vt 0.3910 0.9210 0.0000
vt 0.3988 0.9094 0.0000
vt 0.3995 0.9207 0.0000
vt 0.3997 0.9246 0.0000
vt 0.3934 0.9248 0.0000
vt 0.3302 0.9242 0.0000
vt 0.3305 0.9306 0.0000
vt 0.3260 0.9261 0.0000
vt 0.2729 0.9102 0.0000
vt 0.2755 0.9211 0.0000
vt 0.2833 0.9095 0.0000
vt 0.2840 0.9208 0.0000
vt 0.2842 0.9247 0.0000
vt 0.2778 0.9249 0.0000
vt 0.4712 0.9237 0.0000
vt 0.4613 0.9236 0.0000
vt 0.4608 0.9191 0.0000
vt 0.4705 0.9191 0.0000
vt 0.4480 0.9236 0.0000
vt 0.4480 0.9191 0.0000
vt 0.4480 0.9156 0.0000
vt 0.4601 0.9156 0.0000
vt 0.4693 0.9156 0.0000
vt 0.4704 0.9282 0.0000
vt 0.4608 0.9282 0.0000
vt 0.4692 0.9317 0.0000
vt 0.4601 0.9316 0.0000
vt 0.4480 0.9316 0.0000
vt 0.4480 0.9281 0.0000
vt 0.4365 0.8983 0.0000
vt 0.4363 0.9102 0.0000
vt 0.4366 0.8840 0.0000
vt 0.4481 0.8839 0.0000
vt 0.4481 0.8984 0.0000
vt 0.4480 0.9102 0.0000
vt 0.4595 0.9489 0.0000
vt 0.4597 0.9370 0.0000
vt 0.4593 0.9632 0.0000
vt 0.4479 0.9633 0.0000
vt 0.4479 0.9488 0.0000
vt 0.4479 0.9370 0.0000
vt 0.4593 0.9746 0.0000
vt 0.4478 0.9753 0.0000
vt 0.4367 0.8726 0.0000
vt 0.4482 0.8719 0.0000
vt 0.4347 0.9236 0.0000
vt 0.4352 0.9190 0.0000
vt 0.4247 0.9235 0.0000
vt 0.4256 0.9190 0.0000
vt 0.4268 0.9155 0.0000
vt 0.4359 0.9156 0.0000
vt 0.4362 0.9370 0.0000
vt 0.4361 0.9330 0.0000
vt 0.4480 0.9330 0.0000
vt 0.4275 0.9371 0.0000
vt 0.4272 0.9330 0.0000
vt 0.4267 0.9316 0.0000
vt 0.4358 0.9316 0.0000
vt 0.4596 0.8841 0.0000
vt 0.4596 0.8984 0.0000
vt 0.4681 0.8844 0.0000
vt 0.4682 0.8983 0.0000
vt 0.4685 0.9101 0.0000
vt 0.4598 0.9102 0.0000
vt 0.4364 0.9631 0.0000
vt 0.4363 0.9488 0.0000
vt 0.4278 0.9628 0.0000
vt 0.4277 0.9489 0.0000
vt 0.4596 0.8652 0.0000
vt 0.4596 0.8727 0.0000
vt 0.4659 0.8683 0.0000
vt 0.4681 0.8738 0.0000
vt 0.4364 0.9745 0.0000
vt 0.4279 0.9734 0.0000
vt 0.2600 0.8893 0.0000
vt 0.2502 0.8900 0.0000
vt 0.2407 0.8904 0.0000
vt 0.2810 0.8860 0.0000
vt 0.2701 0.8879 0.0000
vt 0.3367 0.8894 0.0000
vt 0.3267 0.8879 0.0000
vt 0.3158 0.8861 0.0000
vt 0.3561 0.8905 0.0000
vt 0.3466 0.8901 0.0000
vt 0.3755 0.8893 0.0000
vt 0.3656 0.8901 0.0000
vt 0.3964 0.8859 0.0000
vt 0.3855 0.8878 0.0000
vt 0.2213 0.8892 0.0000
vt 0.2113 0.8877 0.0000
vt 0.2004 0.8859 0.0000
vt 0.2311 0.8900 0.0000
vt 0.3877 0.9314 0.0000
vt 0.3867 0.9447 0.0000
vt 0.4250 0.9489 0.0000
vt 0.4247 0.9372 0.0000
vt 0.4251 0.9627 0.0000
vt 0.3844 0.9599 0.0000
vt 0.3813 0.9707 0.0000
vt 0.4251 0.9730 0.0000
vt 0.3314 0.9442 0.0000
vt 0.3334 0.9588 0.0000
vt 0.3361 0.9688 0.0000
vt 0.3402 0.9746 0.0000
vt 0.3563 0.9798 0.0000
vt 0.3652 0.9784 0.0000
vt 0.3473 0.9784 0.0000
vt 0.2721 0.9315 0.0000
vt 0.2710 0.9447 0.0000
vt 0.4710 0.8983 0.0000
vt 0.4713 0.9100 0.0000
vt 0.4709 0.8845 0.0000
vt 0.2687 0.9599 0.0000
vt 0.2656 0.9708 0.0000
vt 0.4709 0.8742 0.0000
vt 0.4680 0.8671 0.0000
vt 0.2606 0.9776 0.0000
vt 0.2518 0.9824 0.0000
vt 0.4595 0.8626 0.0000
vt 0.2157 0.9440 0.0000
vt 0.2177 0.9586 0.0000
vt 0.2204 0.9687 0.0000
vt 0.2245 0.9745 0.0000
vt 0.2315 0.9783 0.0000
vt 0.3224 0.9267 0.0000
vt 0.3180 0.9265 0.0000
vt 0.4735 0.9283 0.0000
vt 0.4721 0.9319 0.0000
vt 0.4745 0.9237 0.0000
vt 0.3125 0.9263 0.0000
vt 0.2069 0.9265 0.0000
vt 0.2024 0.9263 0.0000
vt 0.4225 0.9189 0.0000
vt 0.4239 0.9153 0.0000
vt 0.4215 0.9235 0.0000
vt 0.1969 0.9261 0.0000
vt 0.3999 0.9262 0.0000
vt 0.3944 0.9264 0.0000
vt 0.4255 0.9281 0.0000
vt 0.4224 0.9282 0.0000
vt 0.4238 0.9318 0.0000
vt 0.3899 0.9266 0.0000
vt 0.2843 0.9263 0.0000
vt 0.2788 0.9265 0.0000
vt 0.4736 0.9190 0.0000
vt 0.4722 0.9154 0.0000
vt 0.2743 0.9266 0.0000
vt 0.2726 0.9268 0.0000
vt 0.4688 0.9142 0.0000
vt 0.4716 0.9140 0.0000
vt 0.3881 0.9268 0.0000
vt 0.4243 0.9332 0.0000
vt 0.4480 0.9142 0.0000
vt 0.4599 0.9142 0.0000
vt 0.4272 0.9140 0.0000
vt 0.4362 0.9142 0.0000
vt 0.4687 0.9332 0.0000
vt 0.4598 0.9330 0.0000
vt 0.4351 0.9281 0.0000
vt 0.2086 0.9267 0.0000
vt 0.4244 0.9138 0.0000
vt 0.3242 0.9269 0.0000
vt 0.4716 0.9334 0.0000
# 1502 texture coords

o MicStand_Pole
g MicStand_Pole
usemtl MicStand_mtl
s 1
f 1/1 2/2 3/3 4/4 
f 5/5 6/6 3/3 2/2 
f 7/7 8/8 3/3 6/6 
f 9/9 4/4 3/3 8/8 
f 10/10 11/11 12/12 13/13 
f 14/14 15/15 12/12 11/11 
f 5/5 2/2 12/12 15/15 
f 1/1 13/13 12/12 2/2 
f 16/16 17/17 18/18 19/19 
f 20/20 21/21 18/18 17/17 
f 14/14 11/11 18/18 21/21 
f 10/10 19/19 18/18 11/11 
f 22/22 23/23 24/24 25/25 
f 26/26 27/27 24/24 23/23 
f 20/28 17/29 24/24 27/27 
f 16/30 25/25 24/24 17/29 
f 28/31 29/32 30/33 31/34 
f 32/35 33/36 30/33 29/32 
f 26/26 23/23 30/33 33/36 
f 22/22 31/34 30/33 23/23 
f 9/9 8/8 34/37 35/38 
f 7/7 36/39 34/37 8/8 
f 32/35 29/32 34/37 36/39 
f 28/31 35/38 34/37 29/32 
f 37/40 38/41 39/42 40/43 
f 41/44 42/45 39/42 38/41 
f 43/46 44/47 39/42 42/45 
f 45/48 40/43 39/42 44/47 
f 41/44 46/49 47/50 42/45 
f 48/51 49/52 47/50 46/49 
f 50/53 51/54 47/50 49/52 
f 43/46 42/45 47/50 51/54 
f 48/51 52/55 53/56 49/52 
f 54/57 55/58 53/56 52/55 
f 56/59 57/60 53/56 55/58 
f 50/53 49/52 53/56 57/60 
f 54/61 58/62 59/63 55/64 
f 60/65 61/66 59/63 58/62 
f 62/67 63/68 59/63 61/66 
f 56/69 55/64 59/63 63/68 
f 60/65 64/70 65/71 61/66 
f 66/72 67/73 65/71 64/70 
f 68/74 69/75 65/71 67/73 
f 62/67 61/66 65/71 69/75 
f 66/72 70/76 71/77 67/73 
f 37/40 40/43 71/77 70/76 
f 45/48 72/78 71/77 40/43 
f 68/74 67/73 71/77 72/78 
f 73/79 74/80 75/81 76/82 
f 77/83 78/84 75/81 74/80 
f 79/85 80/86 75/81 78/84 
f 81/87 76/82 75/81 80/86 
f 82/88 83/89 84/90 85/91 
f 86/92 87/93 84/90 83/89 
f 77/83 74/80 84/90 87/93 
f 73/79 85/91 84/90 74/80 
f 88/94 89/95 90/96 91/97 
f 92/98 93/99 90/96 89/95 
f 86/92 83/89 90/96 93/99 
f 82/88 91/97 90/96 83/89 
f 94/100 95/101 96/102 97/103 
f 98/104 99/105 96/102 95/101 
f 92/106 89/107 96/102 99/105 
f 88/108 97/103 96/102 89/107 
f 100/109 101/110 102/111 103/112 
f 104/113 105/114 102/111 101/110 
f 98/104 95/101 102/111 105/114 
f 94/100 103/112 102/111 95/101 
f 81/87 80/86 106/115 107/116 
f 79/85 108/117 106/115 80/86 
f 104/113 101/110 106/115 108/117 
f 100/109 107/116 106/115 101/110 
s 2
f 109/118 110/119 111/120 112/121 
f 113/122 114/123 111/120 110/119 
f 115/124 116/125 111/120 114/123 
f 117/126 112/121 111/120 116/125 
f 113/122 118/127 119/128 114/123 
f 120/129 121/130 119/128 118/127 
f 122/131 123/132 119/128 121/130 
f 115/124 114/123 119/128 123/132 
f 120/129 124/133 125/134 121/130 
f 126/135 127/136 125/134 124/133 
f 128/137 129/138 125/134 127/136 
f 122/131 121/130 125/134 129/138 
f 126/139 130/140 131/141 127/142 
f 132/143 133/144 131/141 130/140 
f 134/145 135/146 131/141 133/144 
f 128/147 127/142 131/141 135/146 
f 132/143 136/148 137/149 133/144 
f 138/150 139/151 137/149 136/148 
f 140/152 141/153 137/149 139/151 
f 134/145 133/144 137/149 141/153 
f 138/150 142/154 143/155 139/151 
f 109/118 112/121 143/155 142/154 
f 117/126 144/156 143/155 112/121 
f 140/152 139/151 143/155 144/156 
s 1
f 145/157 146/158 147/159 148/160 
f 149/161 150/162 147/163 146/164 
f 151/165 152/166 147/167 150/168 
f 153/169 154/170 147/171 152/172 
f 155/173 156/174 147/175 154/176 
f 157/177 148/178 147/179 156/180 
s 2
f 5/181 158/182 159/183 6/184 
f 41/185 38/186 159/183 158/182 
f 37/187 160/188 159/183 38/186 
f 7/189 6/184 159/183 160/188 
s 1
f 161/190 162/191 163/192 164/193 
f 165/194 166/195 163/192 162/191 
f 167/196 168/197 163/192 166/195 
f 169/198 164/193 163/192 168/197 
s 2
f 14/199 170/200 171/201 15/202 
f 48/203 46/204 171/201 170/200 
f 41/185 158/182 171/201 46/204 
f 5/181 15/202 171/201 158/182 
s 1
f 169/198 168/197 172/205 173/206 
f 167/196 174/207 172/205 168/197 
f 175/208 176/209 172/205 174/207 
f 177/210 173/206 172/205 176/209 
s 2
f 20/211 178/212 179/213 21/214 
f 54/215 52/216 179/213 178/212 
f 48/203 170/200 179/213 52/216 
f 14/199 21/214 179/213 170/200 
s 1
f 177/210 176/209 180/217 181/218 
f 175/208 182/219 180/217 176/209 
f 183/220 184/221 180/217 182/219 
f 185/222 181/218 180/217 184/221 
s 2
f 26/223 186/224 187/225 27/226 
f 60/227 58/228 187/225 186/224 
f 54/229 178/230 187/225 58/228 
f 20/231 27/226 187/225 178/230 
s 1
f 185/232 184/233 188/234 189/235 
f 183/236 190/237 188/234 184/233 
f 191/238 192/239 188/234 190/237 
f 193/240 189/235 188/234 192/239 
s 2
f 32/241 194/242 195/243 33/244 
f 66/245 64/246 195/243 194/242 
f 60/227 186/224 195/243 64/246 
f 26/223 33/244 195/243 186/224 
s 1
f 193/240 192/239 196/247 197/248 
f 191/238 198/249 196/247 192/239 
f 199/250 200/251 196/247 198/249 
f 201/252 197/248 196/247 200/251 
s 2
f 7/189 160/188 202/253 36/254 
f 37/187 70/255 202/253 160/188 
f 66/245 194/242 202/253 70/255 
f 32/241 36/254 202/253 194/242 
s 1
f 201/252 200/251 203/256 204/257 
f 199/250 205/258 203/256 200/251 
f 165/194 162/191 203/256 205/258 
f 161/190 204/257 203/256 162/191 
f 206/259 207/260 208/261 209/262 
f 113/263 110/264 208/261 207/260 
f 109/265 210/266 208/261 110/264 
f 211/267 209/262 208/261 210/266 
f 77/83 212/268 213/269 78/84 
f 206/259 209/262 213/269 212/268 
f 211/267 214/270 213/269 209/262 
f 79/85 78/84 213/269 214/270 
f 81/87 215/271 216/272 76/82 
f 45/48 44/47 216/272 215/271 
f 43/46 217/273 216/272 44/47 
f 73/79 76/82 216/272 217/273 
f 218/274 219/275 220/276 221/277 
f 120/278 118/279 220/276 219/275 
f 113/263 207/260 220/276 118/279 
f 206/259 221/277 220/276 207/260 
f 86/92 222/280 223/281 87/93 
f 218/274 221/277 223/281 222/280 
f 206/259 212/268 223/281 221/277 
f 77/83 87/93 223/281 212/268 
f 73/79 217/273 224/282 85/91 
f 43/46 51/54 224/282 217/273 
f 50/53 225/283 224/282 51/54 
f 82/88 85/91 224/282 225/283 
f 226/284 227/285 228/286 229/287 
f 126/288 124/289 228/286 227/285 
f 120/278 219/275 228/286 124/289 
f 218/274 229/287 228/286 219/275 
f 92/98 230/290 231/291 93/99 
f 226/284 229/287 231/291 230/290 
f 218/274 222/280 231/291 229/287 
f 86/92 93/99 231/291 222/280 
f 82/88 225/283 232/292 91/97 
f 50/53 57/60 232/292 225/283 
f 56/59 233/293 232/292 57/60 
f 88/94 91/97 232/292 233/293 
f 234/294 235/295 236/296 237/297 
f 132/298 130/299 236/296 235/295 
f 126/300 227/301 236/296 130/299 
f 226/302 237/297 236/296 227/301 
f 98/104 238/303 239/304 99/105 
f 234/294 237/297 239/304 238/303 
f 226/302 230/305 239/304 237/297 
f 92/106 99/105 239/304 230/305 
f 88/108 233/306 240/307 97/103 
f 56/69 63/68 240/307 233/306 
f 62/67 241/308 240/307 63/68 
f 94/100 97/103 240/307 241/308 
f 242/309 243/310 244/311 245/312 
f 138/313 136/314 244/311 243/310 
f 132/298 235/295 244/311 136/314 
f 234/294 245/312 244/311 235/295 
f 104/113 246/315 247/316 105/114 
f 242/309 245/312 247/316 246/315 
f 234/294 238/303 247/316 245/312 
f 98/104 105/114 247/316 238/303 
f 94/100 241/308 248/317 103/112 
f 62/67 69/75 248/317 241/308 
f 68/74 249/318 248/317 69/75 
f 100/109 103/112 248/317 249/318 
f 211/267 210/266 250/319 251/320 
f 109/265 142/321 250/319 210/266 
f 138/313 243/310 250/319 142/321 
f 242/309 251/320 250/319 243/310 
f 79/85 214/270 252/322 108/117 
f 211/267 251/320 252/322 214/270 
f 242/309 246/315 252/322 251/320 
f 104/113 108/117 252/322 246/315 
f 100/109 249/318 253/323 107/116 
f 68/74 72/78 253/323 249/318 
f 45/48 215/271 253/323 72/78 
f 81/87 107/116 253/323 215/271 
f 165/194 254/324 255/325 166/195 
f 157/177 156/180 255/325 254/324 
f 155/173 256/326 255/325 156/180 
f 167/196 166/195 255/325 256/326 
f 169/198 257/327 258/328 164/193 
f 1/1 4/4 258/328 257/327 
f 9/9 259/329 258/328 4/4 
f 161/190 164/193 258/328 259/329 
f 167/196 256/326 260/330 174/207 
f 155/173 154/176 260/330 256/326 
f 153/169 261/331 260/330 154/176 
f 175/208 174/207 260/330 261/331 
f 177/210 262/332 263/333 173/206 
f 10/10 13/13 263/333 262/332 
f 1/1 257/327 263/333 13/13 
f 169/198 173/206 263/333 257/327 
f 175/208 261/331 264/334 182/219 
f 153/169 152/172 264/334 261/331 
f 151/335 265/336 264/334 152/172 
f 183/220 182/219 264/334 265/336 
f 185/222 266/337 267/338 181/218 
f 16/16 19/19 267/338 266/337 
f 10/10 262/332 267/338 19/19 
f 177/210 181/218 267/338 262/332 
f 183/236 265/339 268/340 190/237 
f 151/165 150/168 268/340 265/339 
f 149/161 269/341 268/340 150/168 
f 191/238 190/237 268/340 269/341 
f 193/240 270/342 271/343 189/235 
f 22/22 25/25 271/343 270/342 
f 16/30 266/344 271/343 25/25 
f 185/232 189/235 271/343 266/344 
f 191/238 269/341 272/345 198/249 
f 149/161 146/164 272/345 269/341 
f 145/157 273/346 272/345 146/164 
f 199/250 198/249 272/345 273/346 
f 201/252 274/347 275/348 197/248 
f 28/31 31/34 275/348 274/347 
f 22/22 270/342 275/348 31/34 
f 193/240 197/248 275/348 270/342 
f 199/250 273/346 276/349 205/258 
f 145/157 148/160 276/349 273/346 
f 157/177 254/324 276/349 148/160 
f 165/194 205/258 276/349 254/324 
f 161/190 259/329 277/350 204/257 
f 9/9 35/38 277/350 259/329 
f 28/31 274/347 277/350 35/38 
f 201/252 204/257 277/350 274/347 
s 2
f 278/351 279/352 280/353 281/354 
f 282/355 283/356 279/357 278/358 
f 284/359 285/360 283/361 282/362 
f 286/363 287/364 285/360 284/359 
f 288/365 289/366 287/364 286/363 
f 281/354 280/353 289/366 288/365 
s 1
f 290/367 291/368 292/369 293/370 
f 291/371 294/372 295/373 292/374 
f 294/372 296/375 297/376 295/373 
f 296/375 298/377 299/378 297/376 
f 298/377 300/379 301/380 299/378 
f 300/379 290/367 293/370 301/380 
s 2
f 302/381 303/382 304/383 305/384 
f 306/385 302/381 305/384 307/386 
f 308/387 306/385 307/386 309/388 
f 310/389 308/387 309/388 311/390 
f 312/391 310/389 311/390 313/392 
f 303/382 312/391 313/392 304/383 
f 305/384 304/383 314/393 
f 307/386 305/384 314/393 
f 309/388 307/386 314/393 
f 311/390 309/388 314/393 
f 313/392 311/390 314/393 
f 304/383 313/392 314/393 
s 1
f 315/394 291/368 290/367 316/395 
s 2
f 281/354 303/396 302/397 278/351 
s 1
f 317/398 294/372 291/371 315/399 
s 2
f 278/358 302/381 306/385 282/355 
s 1
f 318/400 296/375 294/372 317/398 
s 2
f 282/362 306/401 308/402 284/359 
s 1
f 319/403 298/377 296/375 318/400 
s 2
f 284/359 308/402 310/389 286/363 
s 1
f 320/404 300/379 298/377 319/403 
s 2
f 286/363 310/389 312/391 288/365 
s 1
f 316/395 290/367 300/379 320/404 
s 2
f 288/365 312/391 303/396 281/354 
f 279/352 321/405 322/406 280/353 
f 283/356 323/407 321/408 279/357 
f 285/360 324/409 323/410 283/361 
f 287/364 325/411 324/409 285/360 
f 289/366 326/412 325/411 287/364 
f 280/353 322/406 326/412 289/366 
f 315/413 316/414 322/415 321/416 
f 316/414 320/417 326/412 322/415 
f 320/417 319/418 325/411 326/412 
f 319/418 318/419 324/420 325/411 
f 318/419 317/421 323/422 324/420 
f 317/421 315/413 321/416 323/422 
f 327/423 328/424 329/425 330/426 
f 331/427 332/428 328/429 327/430 
f 333/431 334/432 332/433 331/434 
f 335/435 336/436 334/432 333/431 
f 337/437 338/438 336/436 335/435 
f 330/426 329/425 338/438 337/437 
s 1
f 339/439 340/440 341/441 342/442 
f 340/443 343/444 344/445 341/446 
f 343/444 345/447 346/448 344/445 
f 345/447 347/449 348/450 346/448 
f 347/449 349/451 350/452 348/450 
f 349/451 339/439 342/442 350/452 
s 2
f 351/453 352/454 353/455 354/456 
f 355/457 351/453 354/456 356/458 
f 357/459 355/457 356/458 358/460 
f 359/461 357/459 358/460 360/462 
f 361/463 359/461 360/462 362/464 
f 352/454 361/463 362/464 353/455 
f 354/456 353/455 363/465 
f 356/458 354/456 363/465 
f 358/460 356/458 363/465 
f 360/462 358/460 363/465 
f 362/464 360/462 363/465 
f 353/455 362/464 363/465 
s 1
f 364/466 340/440 339/439 365/467 
s 2
f 330/426 352/468 351/469 327/423 
s 1
f 366/470 343/444 340/443 364/471 
s 2
f 327/430 351/453 355/457 331/427 
s 1
f 367/472 345/447 343/444 366/470 
s 2
f 331/434 355/473 357/474 333/431 
s 1
f 368/475 347/449 345/447 367/472 
s 2
f 333/431 357/474 359/461 335/435 
s 1
f 369/476 349/451 347/449 368/475 
s 2
f 335/435 359/461 361/463 337/437 
s 1
f 365/467 339/439 349/451 369/476 
s 2
f 337/437 361/463 352/468 330/426 
f 328/424 370/477 371/478 329/425 
f 332/428 372/479 370/480 328/429 
f 334/432 373/481 372/482 332/433 
f 336/436 374/483 373/481 334/432 
f 338/438 375/484 374/483 336/436 
f 329/425 371/478 375/484 338/438 
f 364/485 365/486 371/487 370/488 
f 365/486 369/489 375/484 371/487 
f 369/489 368/490 374/483 375/484 
f 368/490 367/491 373/492 374/483 
f 367/491 366/493 372/494 373/492 
f 366/493 364/485 370/488 372/494 
f 376/495 377/496 378/497 379/498 
f 380/499 381/500 377/501 376/502 
f 382/503 383/504 381/505 380/506 
f 384/507 385/508 383/504 382/503 
f 386/509 387/510 385/508 384/507 
f 379/498 378/497 387/510 386/509 
s 1
f 388/511 389/512 390/513 391/514 
f 389/515 392/516 393/517 390/518 
f 392/516 394/519 395/520 393/517 
f 394/519 396/521 397/522 395/520 
f 396/521 398/523 399/524 397/522 
f 398/523 388/511 391/514 399/524 
s 2
f 400/525 401/526 402/527 403/528 
f 404/529 400/525 403/528 405/530 
f 406/531 404/529 405/530 407/532 
f 408/533 406/531 407/532 409/534 
f 410/535 408/533 409/534 411/536 
f 401/526 410/535 411/536 402/527 
f 403/528 402/527 412/537 
f 405/530 403/528 412/537 
f 407/532 405/530 412/537 
f 409/534 407/532 412/537 
f 411/536 409/534 412/537 
f 402/527 411/536 412/537 
s 1
f 413/538 389/512 388/511 414/539 
s 2
f 379/498 401/540 400/541 376/495 
s 1
f 415/542 392/516 389/515 413/543 
s 2
f 376/502 400/525 404/529 380/499 
s 1
f 416/544 394/519 392/516 415/542 
s 2
f 380/506 404/545 406/546 382/503 
s 1
f 417/547 396/521 394/519 416/544 
s 2
f 382/503 406/546 408/533 384/507 
s 1
f 418/548 398/523 396/521 417/547 
s 2
f 384/507 408/533 410/535 386/509 
s 1
f 414/539 388/511 398/523 418/548 
s 2
f 386/509 410/535 401/540 379/498 
f 377/496 419/549 420/550 378/497 
f 381/500 421/551 419/552 377/501 
f 383/504 422/553 421/554 381/505 
f 385/508 423/555 422/553 383/504 
f 387/510 424/556 423/555 385/508 
f 378/497 420/550 424/556 387/510 
f 413/557 414/558 420/559 419/560 
f 414/558 418/561 424/556 420/559 
f 418/561 417/562 423/555 424/556 
f 417/562 416/563 422/564 423/555 
f 416/563 415/565 421/566 422/564 
f 415/565 413/557 419/560 421/566 
s 8
f 425/567 426/568 427/569 428/570 
f 429/571 430/572 427/569 426/568 
f 431/573 432/574 427/569 430/572 
f 433/575 428/570 427/569 432/574 
f 434/576 435/577 436/578 437/579 
f 438/580 439/581 436/578 435/577 
f 431/573 430/572 436/578 439/581 
f 429/571 437/579 436/578 430/572 
f 440/582 441/583 442/584 443/585 
f 433/575 432/574 442/584 441/583 
f 431/573 439/581 442/584 432/574 
f 438/580 443/585 442/584 439/581 
f 444/586 445/587 446/588 447/589 
f 448/590 449/591 446/588 445/587 
f 450/592 451/593 446/588 449/591 
f 452/594 447/589 446/588 451/593 
f 425/567 428/570 453/595 454/596 
f 433/575 455/597 453/595 428/570 
f 450/592 449/591 453/595 455/597 
f 448/590 454/596 453/595 449/591 
f 440/582 456/598 457/599 441/583 
f 452/594 451/593 457/599 456/598 
f 450/592 455/597 457/599 451/593 
f 433/575 441/583 457/599 455/597 
f 458/600 459/601 460/602 461/603 
f 462/604 463/605 460/602 459/601 
f 464/606 465/607 460/602 463/605 
f 466/608 461/603 460/602 465/607 
f 444/586 447/589 467/609 468/610 
f 452/594 469/611 467/609 447/589 
f 464/606 463/605 467/609 469/611 
f 462/604 468/610 467/609 463/605 
f 440/582 470/612 471/613 456/598 
f 466/608 465/607 471/613 470/612 
f 464/606 469/611 471/613 465/607 
f 452/594 456/598 471/613 469/611 
f 472/614 473/615 474/616 475/617 
f 476/618 477/619 474/616 473/615 
f 478/620 479/621 474/616 477/619 
f 480/622 475/617 474/616 479/621 
f 458/600 461/603 481/623 482/624 
f 466/608 483/625 481/623 461/603 
f 478/620 477/619 481/623 483/625 
f 476/618 482/624 481/623 477/619 
f 440/582 484/626 485/627 470/612 
f 480/622 479/621 485/627 484/626 
f 478/620 483/625 485/627 479/621 
f 466/608 470/612 485/627 483/625 
f 486/628 487/629 488/630 489/631 
f 490/632 491/633 488/630 487/629 
f 492/634 493/635 488/630 491/633 
f 494/636 489/631 488/630 493/635 
f 472/614 475/617 495/637 496/638 
f 480/622 497/639 495/637 475/617 
f 492/634 491/633 495/637 497/639 
f 490/632 496/638 495/637 491/633 
f 440/582 498/640 499/641 484/626 
f 494/636 493/635 499/641 498/640 
f 492/634 497/639 499/641 493/635 
f 480/622 484/626 499/641 497/639 
f 434/576 500/642 501/643 435/577 
f 502/644 503/645 501/643 500/642 
f 504/646 505/647 501/643 503/645 
f 438/580 435/577 501/643 505/647 
f 486/628 489/631 506/648 507/649 
f 494/636 508/650 506/648 489/631 
f 504/646 503/645 506/648 508/650 
f 502/644 507/649 506/648 503/645 
f 440/582 443/585 509/651 498/640 
f 438/580 505/647 509/651 443/585 
f 504/646 508/650 509/651 505/647 
f 494/636 498/640 509/651 508/650 
f 510/652 511/653 512/654 513/655 
f 514/656 515/657 512/654 511/653 
f 516/658 517/659 512/654 515/657 
f 518/660 513/655 512/654 517/659 
f 519/661 520/662 521/663 522/664 
f 523/665 524/666 521/663 520/662 
f 516/658 515/657 521/663 524/666 
f 514/656 522/664 521/663 515/657 
f 525/667 526/668 527/669 528/670 
f 529/671 530/672 527/669 526/668 
f 516/658 524/666 527/669 530/672 
f 523/665 528/670 527/669 524/666 
f 531/673 532/674 533/675 534/676 
f 518/660 517/659 533/675 532/674 
f 516/658 530/672 533/675 517/659 
f 529/671 534/676 533/675 530/672 
f 519/661 535/677 536/678 520/662 
f 537/679 538/680 536/678 535/677 
f 539/681 540/682 536/678 538/680 
f 523/665 520/662 536/678 540/682 
f 541/683 542/684 543/685 544/686 
f 545/687 546/688 543/685 542/684 
f 539/681 538/680 543/685 546/688 
f 537/679 544/686 543/685 538/680 
f 547/689 548/690 549/691 550/692 
f 551/693 552/694 549/691 548/690 
f 539/681 546/688 549/691 552/694 
f 545/687 550/692 549/691 546/688 
f 525/667 528/670 553/695 554/696 
f 523/665 540/682 553/695 528/670 
f 539/681 552/694 553/695 540/682 
f 551/693 554/696 553/695 552/694 
f 541/683 555/697 556/698 542/684 
f 557/699 558/700 556/698 555/697 
f 559/701 560/702 556/698 558/700 
f 545/687 542/684 556/698 560/702 
f 561/703 562/704 563/705 564/706 
f 565/707 566/708 563/705 562/704 
f 559/701 558/700 563/705 566/708 
f 557/699 564/706 563/705 558/700 
f 567/709 568/710 569/711 570/712 
f 571/713 572/714 569/711 568/710 
f 559/701 566/708 569/711 572/714 
f 565/707 570/712 569/711 566/708 
f 547/689 550/692 573/715 574/716 
f 545/687 560/702 573/715 550/692 
f 559/701 572/714 573/715 560/702 
f 571/713 574/716 573/715 572/714 
f 561/703 575/717 576/718 562/704 
f 577/719 578/720 576/718 575/717 
f 579/721 580/722 576/718 578/720 
f 565/707 562/704 576/718 580/722 
f 581/723 582/724 583/725 584/726 
f 585/727 586/728 583/725 582/724 
f 579/721 578/720 583/725 586/728 
f 577/719 584/726 583/725 578/720 
f 587/729 588/730 589/731 590/732 
f 591/733 592/734 589/731 588/730 
f 579/721 586/728 589/731 592/734 
f 585/727 590/732 589/731 586/728 
f 567/709 570/712 593/735 594/736 
f 565/707 580/722 593/735 570/712 
f 579/721 592/734 593/735 580/722 
f 591/733 594/736 593/735 592/734 
f 581/723 595/737 596/738 582/724 
f 597/739 598/740 596/738 595/737 
f 599/741 600/742 596/738 598/740 
f 585/727 582/724 596/738 600/742 
f 601/743 602/744 603/745 604/746 
f 605/747 606/748 603/745 602/744 
f 599/741 598/740 603/745 606/748 
f 597/739 604/746 603/745 598/740 
f 607/749 608/750 609/751 610/752 
f 611/753 612/754 609/751 608/750 
f 599/741 606/748 609/751 612/754 
f 605/747 610/752 609/751 606/748 
f 587/729 590/732 613/755 614/756 
f 585/727 600/742 613/755 590/732 
f 599/741 612/754 613/755 600/742 
f 611/753 614/756 613/755 612/754 
f 601/743 615/757 616/758 602/744 
f 617/759 618/760 616/758 615/757 
f 619/761 620/762 616/758 618/760 
f 605/747 602/744 616/758 620/762 
f 510/652 513/655 621/763 622/764 
f 518/660 623/765 621/763 513/655 
f 619/761 618/760 621/763 623/765 
f 617/759 622/764 621/763 618/760 
f 531/673 624/766 625/767 532/674 
f 626/768 627/769 625/767 624/766 
f 619/761 623/765 625/767 627/769 
f 518/660 532/674 625/767 623/765 
f 607/749 610/752 628/770 629/771 
f 605/747 620/762 628/770 610/752 
f 619/761 627/769 628/770 620/762 
f 626/768 629/771 628/770 627/769 
f 630/772 631/773 632/774 633/775 
f 634/776 635/777 632/774 631/773 
f 636/778 637/779 632/774 635/777 
f 638/780 633/775 632/774 637/779 
f 434/576 437/579 639/781 640/782 
f 429/571 641/783 639/781 437/579 
f 636/778 635/777 639/781 641/783 
f 634/776 640/782 639/781 635/777 
f 425/567 642/784 643/785 426/568 
f 644/786 645/787 643/785 642/784 
f 636/778 641/783 643/785 645/787 
f 429/571 426/568 643/785 641/783 
f 646/788 647/789 648/790 649/791 
f 638/780 637/779 648/790 647/789 
f 636/778 645/787 648/790 637/779 
f 644/786 649/791 648/790 645/787 
f 650/792 651/793 652/794 653/795 
f 654/796 655/797 652/794 651/793 
f 656/798 657/799 652/794 655/797 
f 658/800 653/795 652/794 657/799 
f 486/628 507/649 659/801 660/802 
f 502/644 661/803 659/801 507/649 
f 656/798 655/797 659/801 661/803 
f 654/796 660/802 659/801 655/797 
f 434/576 640/782 662/804 500/642 
f 634/776 663/805 662/804 640/782 
f 656/798 661/803 662/804 663/805 
f 502/644 500/642 662/804 661/803 
f 630/772 664/806 665/807 631/773 
f 658/800 657/799 665/807 664/806 
f 656/798 663/805 665/807 657/799 
f 634/776 631/773 665/807 663/805 
f 666/808 667/809 668/810 669/811 
f 670/812 671/813 668/810 667/809 
f 672/814 673/815 668/810 671/813 
f 674/816 669/811 668/810 673/815 
f 472/614 496/638 675/817 676/818 
f 490/632 677/819 675/817 496/638 
f 672/814 671/813 675/817 677/819 
f 670/812 676/818 675/817 671/813 
f 486/628 660/802 678/820 487/629 
f 654/796 679/821 678/820 660/802 
f 672/814 677/819 678/820 679/821 
f 490/632 487/629 678/820 677/819 
f 650/792 680/822 681/823 651/793 
f 674/816 673/815 681/823 680/822 
f 672/814 679/821 681/823 673/815 
f 654/796 651/793 681/823 679/821 
f 682/824 683/825 684/826 685/827 
f 686/828 687/829 684/826 683/825 
f 688/830 689/831 684/826 687/829 
f 690/832 685/827 684/826 689/831 
f 458/600 482/624 691/833 692/834 
f 476/618 693/835 691/833 482/624 
f 688/830 687/829 691/833 693/835 
f 686/828 692/834 691/833 687/829 
f 472/614 676/818 694/836 473/615 
f 670/812 695/837 694/836 676/818 
f 688/830 693/835 694/836 695/837 
f 476/618 473/615 694/836 693/835 
f 666/808 696/838 697/839 667/809 
f 690/832 689/831 697/839 696/838 
f 688/830 695/837 697/839 689/831 
f 670/812 667/809 697/839 695/837 
f 698/840 699/841 700/842 701/843 
f 702/844 703/845 700/842 699/841 
f 704/846 705/847 700/842 703/845 
f 706/848 701/843 700/842 705/847 
f 444/586 468/610 707/849 708/850 
f 462/604 709/851 707/849 468/610 
f 704/846 703/845 707/849 709/851 
f 702/844 708/850 707/849 703/845 
f 458/600 692/834 710/852 459/601 
f 686/828 711/853 710/852 692/834 
f 704/846 709/851 710/852 711/853 
f 462/604 459/601 710/852 709/851 
f 682/824 712/854 713/855 683/825 
f 706/848 705/847 713/855 712/854 
f 704/846 711/853 713/855 705/847 
f 686/828 683/825 713/855 711/853 
f 646/788 649/791 714/856 715/857 
f 644/786 716/858 714/856 649/791 
f 717/859 718/860 714/856 716/858 
f 719/861 715/857 714/856 718/860 
f 425/567 454/596 720/862 642/784 
f 448/590 721/863 720/862 454/596 
f 717/859 716/858 720/862 721/863 
f 644/786 642/784 720/862 716/858 
f 444/586 708/850 722/864 445/587 
f 702/844 723/865 722/864 708/850 
f 717/859 721/863 722/864 723/865 
f 448/590 445/587 722/864 721/863 
f 698/840 724/866 725/867 699/841 
f 719/861 718/860 725/867 724/866 
f 717/859 723/865 725/867 718/860 
f 702/844 699/841 725/867 723/865 
f 510/652 622/764 726/868 727/869 
f 617/759 728/870 726/868 622/764 
f 729/871 730/872 726/868 728/870 
f 731/873 727/869 726/868 730/872 
f 601/743 732/874 733/875 615/757 
f 734/876 735/877 733/875 732/874 
f 729/871 728/870 733/875 735/877 
f 617/759 615/757 733/875 728/870 
f 736/878 737/879 738/880 739/881 
f 731/873 730/872 738/880 737/879 
f 729/871 735/877 738/880 730/872 
f 734/876 739/881 738/880 735/877 
f 601/743 604/746 740/882 732/874 
f 597/739 741/883 740/882 604/746 
f 742/884 743/885 740/882 741/883 
f 734/876 732/874 740/882 743/885 
f 581/723 744/886 745/887 595/737 
f 746/888 747/889 745/887 744/886 
f 742/884 741/883 745/887 747/889 
f 597/739 595/737 745/887 741/883 
f 736/878 739/881 748/890 749/891 
f 734/876 743/885 748/890 739/881 
f 742/884 747/889 748/890 743/885 
f 746/888 749/891 748/890 747/889 
f 581/723 584/726 750/892 744/886 
f 577/719 751/893 750/892 584/726 
f 752/894 753/895 750/892 751/893 
f 746/888 744/886 750/892 753/895 
f 561/703 754/896 755/897 575/717 
f 756/898 757/899 755/897 754/896 
f 752/894 751/893 755/897 757/899 
f 577/719 575/717 755/897 751/893 
f 736/878 749/891 758/900 759/901 
f 746/888 753/895 758/900 749/891 
f 752/894 757/899 758/900 753/895 
f 756/898 759/901 758/900 757/899 
f 561/703 564/706 760/902 754/896 
f 557/699 761/903 760/902 564/706 
f 762/904 763/905 760/902 761/903 
f 756/898 754/896 760/902 763/905 
f 541/683 764/906 765/907 555/697 
f 766/908 767/909 765/907 764/906 
f 762/904 761/903 765/907 767/909 
f 557/699 555/697 765/907 761/903 
f 736/878 759/901 768/910 769/911 
f 756/898 763/905 768/910 759/901 
f 762/904 767/909 768/910 763/905 
f 766/908 769/911 768/910 767/909 
f 541/683 544/686 770/912 764/906 
f 537/679 771/913 770/912 544/686 
f 772/914 773/915 770/912 771/913 
f 766/908 764/906 770/912 773/915 
f 519/661 774/916 775/917 535/677 
f 776/918 777/919 775/917 774/916 
f 772/914 771/913 775/917 777/919 
f 537/679 535/677 775/917 771/913 
f 736/878 769/911 778/920 779/921 
f 766/908 773/915 778/920 769/911 
f 772/914 777/919 778/920 773/915 
f 776/918 779/921 778/920 777/919 
f 519/661 522/664 780/922 774/916 
f 514/656 781/923 780/922 522/664 
f 782/924 783/925 780/922 781/923 
f 776/918 774/916 780/922 783/925 
f 510/652 727/869 784/926 511/653 
f 731/873 785/927 784/926 727/869 
f 782/924 781/923 784/926 785/927 
f 514/656 511/653 784/926 781/923 
f 736/878 779/921 786/928 737/879 
f 776/918 783/925 786/928 779/921 
f 782/924 785/927 786/928 783/925 
f 731/873 737/879 786/928 785/927 
f 525/929 787/930 788/931 526/932 
f 789/933 790/934 788/931 787/930 
f 791/935 792/936 788/931 790/934 
f 529/937 526/932 788/931 792/936 
f 630/938 633/939 793/940 794/941 
f 638/942 795/943 793/940 633/939 
f 791/935 790/934 793/940 795/943 
f 789/933 794/941 793/940 790/934 
f 646/944 796/945 797/946 647/947 
f 798/948 799/949 797/946 796/945 
f 791/935 795/943 797/946 799/949 
f 638/942 647/947 797/946 795/943 
f 531/950 534/951 800/952 801/953 
f 529/937 792/936 800/952 534/951 
f 791/935 799/949 800/952 792/936 
f 798/948 801/953 800/952 799/949 
f 547/954 802/955 803/956 548/957 
f 804/958 805/959 803/956 802/955 
f 806/960 807/961 803/956 805/959 
f 551/962 548/957 803/956 807/961 
f 650/963 653/964 808/965 809/966 
f 658/967 810/968 808/965 653/964 
f 806/960 805/959 808/965 810/968 
f 804/958 809/966 808/965 805/959 
f 630/938 794/941 811/969 664/970 
f 789/933 812/971 811/969 794/941 
f 806/960 810/968 811/969 812/971 
f 658/967 664/970 811/969 810/968 
f 525/929 554/972 813/973 787/930 
f 551/962 807/961 813/973 554/972 
f 806/960 812/971 813/973 807/961 
f 789/933 787/930 813/973 812/971 
f 567/974 814/975 815/976 568/977 
f 816/978 817/979 815/976 814/975 
f 818/980 819/981 815/976 817/979 
f 571/982 568/977 815/976 819/981 
f 666/983 669/984 820/985 821/986 
f 674/987 822/988 820/985 669/984 
f 818/980 817/979 820/985 822/988 
f 816/978 821/986 820/985 817/979 
f 650/963 809/966 823/989 680/990 
f 804/958 824/991 823/989 809/966 
f 818/980 822/988 823/989 824/991 
f 674/987 680/990 823/989 822/988 
f 547/954 574/992 825/993 802/955 
f 571/982 819/981 825/993 574/992 
f 818/980 824/991 825/993 819/981 
f 804/958 802/955 825/993 824/991 
f 587/994 826/995 827/996 588/997 
f 828/998 829/999 827/996 826/995 
f 830/1000 831/1001 827/996 829/999 
f 591/1002 588/997 827/996 831/1001 
f 682/1003 685/1004 832/1005 833/1006 
f 690/1007 834/1008 832/1005 685/1004 
f 830/1000 829/999 832/1005 834/1008 
f 828/998 833/1006 832/1005 829/999 
f 666/983 821/986 835/1009 696/1010 
f 816/978 836/1011 835/1009 821/986 
f 830/1012 834/1013 835/1009 836/1011 
f 690/1014 696/1010 835/1009 834/1013 
f 567/974 594/1015 837/1016 814/975 
f 591/1017 831/1018 837/1016 594/1015 
f 830/1012 836/1011 837/1016 831/1018 
f 816/978 814/975 837/1016 836/1011 
f 607/1019 838/1020 839/1021 608/1022 
f 840/1023 841/1024 839/1021 838/1020 
f 842/1025 843/1026 839/1021 841/1024 
f 611/1027 608/1022 839/1021 843/1026 
f 698/1028 701/1029 844/1030 845/1031 
f 706/1032 846/1033 844/1030 701/1029 
f 842/1025 841/1024 844/1030 846/1033 
f 840/1023 845/1031 844/1030 841/1024 
f 682/1003 833/1006 847/1034 712/1035 
f 828/998 848/1036 847/1034 833/1006 
f 842/1025 846/1033 847/1034 848/1036 
f 706/1032 712/1035 847/1034 846/1033 
f 587/994 614/1037 849/1038 826/995 
f 611/1027 843/1026 849/1038 614/1037 
f 842/1025 848/1036 849/1038 843/1026 
f 828/998 826/995 849/1038 848/1036 
f 531/950 801/953 850/1039 624/1040 
f 798/948 851/1041 850/1039 801/953 
f 852/1042 853/1043 850/1039 851/1041 
f 626/1044 624/1040 850/1039 853/1043 
f 646/944 715/1045 854/1046 796/945 
f 719/1047 855/1048 854/1046 715/1045 
f 852/1042 851/1041 854/1046 855/1048 
f 798/948 796/945 854/1046 851/1041 
f 698/1028 845/1031 856/1049 724/1050 
f 840/1023 857/1051 856/1049 845/1031 
f 852/1042 855/1048 856/1049 857/1051 
f 719/1047 724/1050 856/1049 855/1048 
f 607/1019 629/1052 858/1053 838/1020 
f 626/1044 853/1043 858/1053 629/1052 
f 852/1042 857/1051 858/1053 853/1043 
f 840/1023 838/1020 858/1053 857/1051 
s 3
f 859/1054 860/1055 861/1056 862/1057 
f 863/1058 864/1059 861/1056 860/1055 
f 865/1060 866/1061 861/1056 864/1059 
f 867/1062 862/1057 861/1056 866/1061 
f 863/1058 868/1063 869/1064 864/1059 
f 870/1065 871/1066 869/1064 868/1063 
f 872/1067 873/1068 869/1064 871/1066 
f 865/1060 864/1059 869/1064 873/1068 
f 870/1069 874/1070 875/1071 871/1072 
f 876/1073 877/1074 875/1071 874/1070 
f 878/1075 879/1076 875/1071 877/1074 
f 872/1077 871/1072 875/1071 879/1076 
f 876/1073 880/1078 881/1079 877/1074 
f 882/1080 883/1081 881/1079 880/1078 
f 884/1082 885/1083 881/1079 883/1081 
f 878/1075 877/1074 881/1079 885/1083 
f 882/1080 886/1084 887/1085 883/1081 
f 888/1086 889/1087 887/1085 886/1084 
f 890/1088 891/1089 887/1085 889/1087 
f 884/1082 883/1081 887/1085 891/1089 
f 888/1086 892/1090 893/1091 889/1087 
f 894/1092 895/1093 893/1091 892/1090 
f 896/1094 897/1095 893/1091 895/1093 
f 890/1088 889/1087 893/1091 897/1095 
f 894/1096 898/1097 899/1098 895/1099 
f 900/1100 901/1101 899/1098 898/1097 
f 902/1102 903/1103 899/1098 901/1101 
f 896/1104 895/1099 899/1098 903/1103 
f 900/1100 904/1105 905/1106 901/1101 
f 859/1054 862/1057 905/1106 904/1105 
f 867/1062 906/1107 905/1106 862/1057 
f 902/1102 901/1101 905/1106 906/1107 
s 1
f 907/1108 908/1109 909/1110 910/1111 
f 911/1112 912/1113 909/1110 908/1109 
f 913/1114 914/1115 909/1110 912/1113 
f 915/1116 910/1111 909/1110 914/1115 
f 911/1112 916/1117 917/1118 912/1113 
f 918/1119 919/1120 917/1118 916/1117 
f 920/1121 921/1122 917/1118 919/1120 
f 913/1114 912/1113 917/1118 921/1122 
f 922/1123 923/1124 924/1125 925/1126 
f 926/1127 927/1128 924/1125 923/1124 
f 928/1129 929/1130 924/1125 927/1128 
f 930/1131 925/1126 924/1125 929/1130 
f 926/1127 931/1132 932/1133 933/1134 
f 934/1135 935/1136 932/1133 931/1132 
f 936/1137 937/1138 932/1133 935/1136 
f 938/1139 933/1134 932/1133 937/1138 
f 934/1135 939/1140 940/1141 935/1136 
f 941/1142 942/1143 940/1141 939/1140 
f 943/1144 944/1145 940/1141 942/1143 
f 936/1137 935/1136 940/1141 944/1145 
f 941/1142 945/1146 946/1147 942/1143 
f 947/1148 948/1149 946/1147 945/1146 
f 949/1150 950/1151 946/1147 948/1149 
f 943/1144 942/1143 946/1147 950/1151 
f 951/1152 952/1153 953/1154 954/1155 
f 955/1156 956/1157 953/1154 952/1153 
f 957/1158 958/1159 953/1154 956/1157 
f 959/1160 954/1155 953/1154 958/1159 
f 955/1156 960/1161 961/1162 962/1163 
f 907/1108 910/1111 961/1162 960/1161 
f 915/1116 963/1164 961/1162 910/1111 
f 964/1165 962/1163 961/1162 963/1164 
f 915/1116 914/1115 965/1166 966/1167 
f 913/1114 967/1168 965/1166 914/1115 
f 968/1169 969/1170 965/1166 967/1168 
f 970/1171 966/1167 965/1166 969/1170 
f 913/1114 921/1122 971/1172 967/1168 
f 920/1121 972/1173 971/1172 921/1122 
f 973/1174 974/1175 971/1172 972/1173 
f 968/1169 967/1168 971/1172 974/1175 
f 938/1139 937/1138 975/1176 976/1177 
f 936/1137 977/1178 975/1176 937/1138 
f 978/1179 979/1180 975/1176 977/1178 
f 980/1181 976/1177 975/1176 979/1180 
f 936/1137 944/1145 981/1182 977/1178 
f 943/1144 982/1183 981/1182 944/1145 
f 983/1184 984/1185 981/1182 982/1183 
f 978/1179 977/1178 981/1182 984/1185 
f 943/1144 950/1151 985/1186 982/1183 
f 949/1150 986/1187 985/1186 950/1151 
f 987/1188 988/1189 985/1186 986/1187 
f 983/1184 982/1183 985/1186 988/1189 
f 964/1165 963/1164 989/1190 990/1191 
f 915/1116 966/1167 989/1190 963/1164 
f 970/1171 991/1192 989/1190 966/1167 
f 992/1193 990/1191 989/1190 991/1192 
f 970/1171 969/1170 993/1194 994/1195 
f 968/1169 995/1196 993/1194 969/1170 
f 996/1197 997/1198 993/1194 995/1196 
f 998/1199 994/1195 993/1194 997/1198 
f 968/1169 974/1175 999/1200 995/1196 
f 973/1174 1000/1201 999/1200 974/1175 
f 1001/1202 1002/1203 999/1200 1000/1201 
f 996/1197 995/1196 999/1200 1002/1203 
f 980/1181 979/1180 1003/1204 1004/1205 
f 978/1179 1005/1206 1003/1204 979/1180 
f 1006/1207 1007/1208 1003/1204 1005/1206 
f 1008/1209 1004/1205 1003/1204 1007/1208 
f 978/1179 984/1185 1009/1210 1005/1206 
f 983/1184 1010/1211 1009/1210 984/1185 
f 1011/1212 1012/1213 1009/1210 1010/1211 
f 1006/1207 1005/1206 1009/1210 1012/1213 
f 983/1184 988/1189 1013/1214 1010/1211 
f 987/1188 1014/1215 1013/1214 988/1189 
f 1015/1216 1016/1217 1013/1214 1014/1215 
f 1011/1212 1010/1211 1013/1214 1016/1217 
f 992/1193 991/1192 1017/1218 1018/1219 
f 970/1171 994/1195 1017/1218 991/1192 
f 998/1199 1019/1220 1017/1218 994/1195 
f 1020/1221 1018/1219 1017/1218 1019/1220 
s 2
f 863/1058 860/1055 1021/1222 1022/1223 
f 859/1054 1023/1224 1021/1222 860/1055 
f 1024/1225 1025/1226 1021/1222 1023/1224 
f 1026/1227 1022/1223 1021/1222 1025/1226 
f 870/1065 868/1063 1027/1228 1028/1229 
f 863/1058 1022/1223 1027/1228 868/1063 
f 1026/1227 1029/1230 1027/1228 1022/1223 
f 1030/1231 1028/1229 1027/1228 1029/1230 
f 876/1073 874/1070 1031/1232 1032/1233 
f 870/1069 1028/1234 1031/1232 874/1070 
f 1030/1235 1033/1236 1031/1232 1028/1234 
f 1034/1237 1032/1233 1031/1232 1033/1236 
f 882/1080 880/1078 1035/1238 1036/1239 
f 876/1073 1032/1233 1035/1238 880/1078 
f 1034/1237 1037/1240 1035/1238 1032/1233 
f 1038/1241 1036/1239 1035/1238 1037/1240 
f 888/1086 886/1084 1039/1242 1040/1243 
f 882/1080 1036/1239 1039/1242 886/1084 
f 1038/1241 1041/1244 1039/1242 1036/1239 
f 1042/1245 1040/1243 1039/1242 1041/1244 
f 894/1092 892/1090 1043/1246 1044/1247 
f 888/1086 1040/1243 1043/1246 892/1090 
f 1042/1245 1045/1248 1043/1246 1040/1243 
f 1046/1249 1044/1247 1043/1246 1045/1248 
f 900/1100 898/1097 1047/1250 1048/1251 
f 894/1096 1044/1252 1047/1250 898/1097 
f 1046/1253 1049/1254 1047/1250 1044/1252 
f 1050/1255 1048/1251 1047/1250 1049/1254 
f 859/1054 904/1105 1051/1256 1023/1224 
f 900/1100 1048/1251 1051/1256 904/1105 
f 1050/1255 1052/1257 1051/1256 1048/1251 
f 1024/1225 1023/1224 1051/1256 1052/1257 
s 1
f 1020/1221 1019/1220 1053/1258 1054/1259 
f 998/1199 1055/1260 1053/1258 1019/1220 
f 1056/1261 1054/1259 1053/1258 1055/1260 
f 1008/1209 1007/1208 1057/1262 1058/1263 
f 1006/1207 1059/1264 1057/1262 1007/1208 
f 1060/1265 1058/1263 1057/1262 1059/1264 
f 1056/1261 1061/1266 1062/1267 1063/1268 
f 996/1197 1002/1203 1062/1267 1061/1266 
f 1001/1202 1064/1269 1062/1267 1002/1203 
f 1065/1270 1063/1268 1062/1267 1064/1269 
f 998/1199 997/1198 1066/1271 1055/1260 
f 996/1197 1061/1266 1066/1271 997/1198 
f 1056/1261 1055/1260 1066/1271 1061/1266 
f 1006/1207 1012/1213 1067/1272 1059/1264 
f 1011/1212 1068/1273 1067/1272 1012/1213 
f 1060/1265 1059/1264 1067/1272 1068/1273 
s 5
f 1069/1274 1070/1275 1071/1276 1072/1277 
f 1073/1278 1074/1279 1071/1280 1070/1281 
f 1075/1282 1076/1283 1071/1280 1074/1279 
f 1077/1284 1072/1277 1071/1276 1076/1285 
f 1078/1286 1079/1287 1080/1288 1081/1289 
f 1082/1290 1083/1291 1080/1292 1079/1293 
f 1084/1294 1085/1295 1080/1292 1083/1291 
f 1086/1296 1081/1289 1080/1288 1085/1297 
f 1077/1284 1076/1285 1087/1298 1088/1299 
f 1075/1282 1089/1300 1087/1301 1076/1283 
f 1090/1302 1091/1303 1087/1301 1089/1300 
f 1092/1304 1088/1299 1087/1298 1091/1305 
f 1086/1296 1085/1297 1093/1306 1094/1307 
f 1084/1294 1095/1308 1093/1309 1085/1295 
f 1096/1310 1097/1311 1093/1309 1095/1308 
f 1098/1312 1094/1307 1093/1306 1097/1313 
f 1099/1314 1100/1315 1101/1316 1102/1317 
f 1103/1318 1104/1319 1101/1320 1100/1321 
f 1015/1216 1105/1322 1101/1320 1104/1319 
f 1106/1323 1102/1317 1101/1316 1105/1324 
f 1098/1312 1097/1313 1107/1325 1108/1326 
f 1096/1310 1109/1327 1107/1328 1097/1311 
f 1065/1270 1110/1329 1107/1328 1109/1327 
f 1111/1330 1108/1326 1107/1325 1110/1331 
f 1092/1304 1091/1305 1112/1332 1113/1333 
f 1090/1302 1114/1334 1112/1335 1091/1303 
f 1103/1318 1100/1321 1112/1335 1114/1334 
f 1099/1314 1113/1333 1112/1332 1100/1315 
s 1
f 955/1156 962/1163 1115/1336 956/1157 
f 964/1165 1116/1337 1115/1336 962/1163 
f 1082/1290 1117/1338 1115/1336 1116/1337 
f 957/1158 956/1157 1115/1336 1117/1338 
f 941/1142 1118/1339 1119/1340 945/1146 
f 951/1341 954/1342 1119/1340 1118/1339 
f 959/1343 1120/1344 1119/1340 954/1342 
f 947/1148 945/1146 1119/1340 1120/1344 
f 926/1127 933/1134 1121/1345 927/1128 
f 938/1139 1122/1346 1121/1345 933/1134 
f 1073/1278 1123/1347 1121/1345 1122/1346 
f 928/1129 927/1128 1121/1345 1123/1347 
f 911/1112 1124/1348 1125/1349 916/1117 
f 922/1350 925/1351 1125/1349 1124/1348 
f 930/1352 1126/1353 1125/1349 925/1351 
f 918/1119 916/1117 1125/1349 1126/1353 
s 8
f 1127/1354 1128/1355 1129/1356 1130/1357 
f 1131/1358 1132/1359 1129/1356 1128/1355 
f 1133/1360 1134/1361 1129/1356 1132/1359 
f 1135/1362 1130/1357 1129/1356 1134/1361 
f 1127/1354 1136/1363 1137/1364 1128/1355 
f 1138/1365 1139/1366 1137/1364 1136/1363 
f 1140/1367 1141/1368 1137/1364 1139/1366 
f 1131/1358 1128/1355 1137/1364 1141/1368 
s 4
f 1078/1286 1081/1289 1142/1369 1143/1370 
f 1086/1296 1144/1371 1142/1369 1081/1289 
f 1145/1372 1146/1373 1142/1369 1144/1371 
f 1147/1374 1143/1370 1142/1369 1146/1373 
f 1069/1274 1072/1277 1148/1375 1149/1376 
f 1077/1284 1150/1377 1148/1375 1072/1277 
f 1151/1378 1152/1379 1148/1375 1150/1377 
f 1153/1380 1149/1376 1148/1375 1152/1379 
f 1077/1284 1088/1299 1154/1381 1150/1377 
f 1092/1304 1113/1333 1154/1381 1088/1299 
f 1099/1314 1155/1382 1154/1381 1113/1333 
f 1151/1378 1150/1377 1154/1381 1155/1382 
f 1086/1296 1094/1307 1156/1383 1144/1371 
f 1098/1312 1108/1326 1156/1383 1094/1307 
f 1111/1330 1157/1384 1156/1383 1108/1326 
f 1145/1372 1144/1371 1156/1383 1157/1384 
s 8
f 1131/1358 1158/1385 1159/1386 1132/1359 
f 1160/1387 1161/1388 1159/1386 1158/1385 
f 1162/1389 1163/1390 1159/1386 1161/1388 
f 1133/1360 1132/1359 1159/1386 1163/1390 
s 12
f 1153/1380 1164/1391 1165/1392 1166/1393 
f 1167/1394 1168/1395 1165/1392 1164/1391 
f 1169/1396 1170/1397 1165/1392 1168/1395 
f 1140/1367 1166/1393 1165/1392 1170/1397 
s 4
f 1145/1372 1171/1398 1172/1399 1146/1373 
f 1173/1400 1174/1401 1172/1399 1171/1398 
f 1175/1402 1176/1403 1172/1399 1174/1401 
f 1147/1374 1146/1373 1172/1399 1176/1403 
f 1151/1378 1177/1404 1178/1405 1152/1379 
f 1179/1406 1180/1407 1178/1405 1177/1404 
f 1167/1394 1164/1391 1178/1405 1180/1407 
f 1153/1380 1152/1379 1178/1405 1164/1391 
f 1111/1330 1181/1408 1182/1409 1157/1384 
f 1183/1410 1184/1411 1182/1409 1181/1408 
f 1173/1400 1171/1398 1182/1409 1184/1411 
f 1145/1372 1157/1384 1182/1409 1171/1398 
f 1099/1314 1102/1317 1185/1412 1155/1382 
f 1106/1323 1186/1413 1185/1412 1102/1317 
f 1179/1406 1177/1404 1185/1412 1186/1413 
f 1151/1378 1155/1382 1185/1412 1177/1404 
s 1
f 865/1060 1187/1414 1188/1415 866/1061 
f 911/1112 908/1109 1188/1415 1187/1414 
f 907/1108 1189/1416 1188/1415 908/1109 
f 867/1062 866/1061 1188/1415 1189/1416 
f 872/1067 1190/1417 1191/1418 873/1068 
f 922/1350 1124/1348 1191/1418 1190/1417 
f 911/1112 1187/1414 1191/1418 1124/1348 
f 865/1060 873/1068 1191/1418 1187/1414 
f 878/1075 1192/1419 1193/1420 879/1076 
f 926/1127 923/1124 1193/1420 1192/1419 
f 922/1123 1190/1421 1193/1420 923/1124 
f 872/1077 879/1076 1193/1420 1190/1421 
f 884/1082 1194/1422 1195/1423 885/1083 
f 934/1135 931/1132 1195/1423 1194/1422 
f 926/1127 1192/1419 1195/1423 931/1132 
f 878/1075 885/1083 1195/1423 1192/1419 
f 890/1088 1196/1424 1197/1425 891/1089 
f 941/1142 939/1140 1197/1425 1196/1424 
f 934/1135 1194/1422 1197/1425 939/1140 
f 884/1082 891/1089 1197/1425 1194/1422 
f 896/1094 1198/1426 1199/1427 897/1095 
f 951/1341 1118/1339 1199/1427 1198/1426 
f 941/1142 1196/1424 1199/1427 1118/1339 
f 890/1088 897/1095 1199/1427 1196/1424 
f 902/1102 1200/1428 1201/1429 903/1103 
f 955/1156 952/1153 1201/1429 1200/1428 
f 951/1152 1198/1430 1201/1429 952/1153 
f 896/1104 903/1103 1201/1429 1198/1430 
f 867/1062 1189/1416 1202/1431 906/1107 
f 907/1108 960/1161 1202/1431 1189/1416 
f 955/1156 1200/1428 1202/1431 960/1161 
f 902/1102 906/1107 1202/1431 1200/1428 
s 5
f 949/1150 1203/1432 1204/1433 986/1187 
f 1167/1394 1180/1407 1204/1434 1203/1435 
f 1179/1406 1205/1436 1204/1434 1180/1407 
f 987/1188 986/1187 1204/1433 1205/1437 
f 987/1188 1205/1437 1206/1438 1014/1215 
f 1179/1406 1186/1413 1206/1439 1205/1436 
f 1106/1323 1105/1324 1206/1439 1186/1413 
f 1015/1216 1014/1215 1206/1438 1105/1322 
s 1
f 1073/1278 1122/1346 1207/1440 1074/1279 
f 938/1139 976/1177 1207/1440 1122/1346 
f 980/1181 1208/1441 1207/1440 976/1177 
f 1075/1282 1074/1279 1207/1440 1208/1441 
f 1075/1282 1208/1441 1209/1442 1089/1300 
f 980/1181 1004/1205 1209/1442 1208/1441 
f 1008/1209 1210/1443 1209/1442 1004/1205 
f 1090/1302 1089/1300 1209/1442 1210/1443 
f 1103/1318 1211/1444 1212/1445 1104/1319 
f 1060/1265 1068/1273 1212/1445 1211/1444 
f 1011/1212 1016/1217 1212/1445 1068/1273 
f 1015/1216 1104/1319 1212/1445 1016/1217 
f 1090/1302 1210/1443 1213/1446 1114/1334 
f 1008/1209 1058/1263 1213/1446 1210/1443 
f 1060/1265 1211/1444 1213/1446 1058/1263 
f 1103/1318 1114/1334 1213/1446 1211/1444 
s 5
f 920/1121 1214/1447 1215/1448 972/1173 
f 1175/1402 1174/1401 1215/1449 1214/1450 
f 1173/1400 1216/1451 1215/1449 1174/1401 
f 973/1174 972/1173 1215/1448 1216/1452 
f 973/1174 1216/1452 1217/1453 1000/1201 
f 1173/1400 1184/1411 1217/1454 1216/1451 
f 1183/1410 1218/1455 1217/1454 1184/1411 
f 1001/1202 1000/1201 1217/1453 1218/1456 
f 1001/1202 1218/1456 1219/1457 1064/1269 
f 1183/1410 1181/1408 1219/1458 1218/1455 
f 1111/1330 1110/1331 1219/1458 1181/1408 
f 1065/1270 1064/1269 1219/1457 1110/1329 
s 1
f 1082/1290 1116/1337 1220/1459 1083/1291 
f 964/1165 990/1191 1220/1459 1116/1337 
f 992/1193 1221/1460 1220/1459 990/1191 
f 1084/1294 1083/1291 1220/1459 1221/1460 
f 1084/1294 1221/1460 1222/1461 1095/1308 
f 992/1193 1018/1219 1222/1461 1221/1460 
f 1020/1221 1223/1462 1222/1461 1018/1219 
f 1096/1310 1095/1308 1222/1461 1223/1462 
f 1096/1310 1223/1462 1224/1463 1109/1327 
f 1020/1221 1054/1259 1224/1463 1223/1462 
f 1056/1261 1063/1268 1224/1463 1054/1259 
f 1065/1270 1109/1327 1224/1463 1063/1268 
s 9
f 928/1129 1225/1464 1226/1465 929/1130 
f 1138/1365 1136/1363 1226/1466 1225/1467 
f 1127/1354 1227/1468 1226/1466 1136/1363 
f 930/1131 929/1130 1226/1465 1227/1469 
f 957/1158 1228/1470 1229/1471 958/1159 
f 1162/1389 1161/1388 1229/1472 1228/1473 
f 1160/1387 1230/1474 1229/1472 1161/1388 
f 959/1160 958/1159 1229/1471 1230/1475 
f 959/1343 1230/1476 1231/1477 1120/1344 
f 1160/1387 1232/1478 1231/1479 1230/1474 
f 1169/1396 1233/1480 1231/1479 1232/1478 
f 947/1148 1120/1344 1231/1477 1233/1481 
f 930/1352 1227/1482 1234/1483 1126/1353 
f 1127/1354 1130/1357 1234/1484 1227/1468 
f 1135/1362 1235/1485 1234/1484 1130/1357 
f 918/1119 1126/1353 1234/1483 1235/1486 
s 13
f 918/1119 1235/1486 1236/1487 919/1120 
f 1135/1362 1237/1488 1236/1489 1235/1485 
f 1175/1402 1214/1450 1236/1489 1237/1488 
f 920/1121 919/1120 1236/1487 1214/1447 
f 947/1148 1233/1481 1238/1490 948/1149 
f 1169/1396 1168/1395 1238/1491 1233/1480 
f 1167/1394 1203/1435 1238/1491 1168/1395 
f 949/1150 948/1149 1238/1490 1203/1432 
s 12
f 1133/1360 1239/1492 1240/1493 1134/1361 
f 1147/1374 1176/1403 1240/1493 1239/1492 
f 1175/1402 1237/1488 1240/1493 1176/1403 
f 1135/1362 1134/1361 1240/1493 1237/1488 
f 1162/1389 1241/1494 1242/1495 1163/1390 
f 1078/1286 1143/1370 1242/1495 1241/1494 
f 1147/1374 1239/1492 1242/1495 1143/1370 
f 1133/1360 1163/1390 1242/1495 1239/1492 
f 1138/1365 1243/1496 1244/1497 1139/1366 
f 1069/1274 1149/1376 1244/1497 1243/1496 
f 1153/1380 1166/1393 1244/1497 1149/1376 
f 1140/1367 1139/1366 1244/1497 1166/1393 
s 8
f 1169/1396 1232/1478 1245/1498 1170/1397 
f 1160/1387 1158/1385 1245/1498 1232/1478 
f 1131/1358 1141/1368 1245/1498 1158/1385 
f 1140/1367 1170/1397 1245/1498 1141/1368 
s 13
f 957/1158 1117/1338 1246/1499 1228/1470 
f 1082/1290 1079/1293 1246/1499 1117/1338 
f 1078/1286 1241/1494 1246/1500 1079/1287 
f 1162/1389 1228/1473 1246/1500 1241/1494 
f 928/1129 1123/1347 1247/1501 1225/1464 
f 1073/1278 1070/1281 1247/1501 1123/1347 
f 1069/1274 1243/1496 1247/1502 1070/1275 
f 1138/1365 1225/1467 1247/1502 1243/1496 
# 1208 polygons - 18 triangles

#
# object MicStand_Arm
#

v  0.1774 42.8648 -0.3573
v  0.1774 42.7494 -0.1504
v  -0.1774 42.7494 -0.1504
v  -0.1774 42.8648 -0.3573
v  -0.1774 42.7459 0.0865
v  0.1774 42.7459 0.0865
v  -0.1774 43.7461 0.6317
v  -0.1774 43.4215 0.5182
v  0.1774 43.4215 0.5182
v  0.1774 43.7461 0.6317
v  0.1774 43.1120 0.4096
v  -0.1774 43.1120 0.4096
v  0.1774 43.3434 -0.4541
v  0.1774 43.6657 -0.3934
v  0.1969 43.5436 0.0624
v  0.1969 43.2277 -0.0223
v  0.1969 43.8716 0.1635
v  0.1774 43.9970 -0.3046
v  -0.1774 43.6657 -0.3934
v  -0.1774 43.9970 -0.3046
v  -0.1774 43.3434 -0.4541
v  -0.1969 43.5436 0.0624
v  -0.1969 43.2277 -0.0223
v  -0.1969 43.8716 0.1635
v  0.1774 44.2922 0.9371
v  0.1774 44.5707 1.0383
v  -0.1774 44.5707 1.0383
v  -0.1774 44.2922 0.9371
v  -0.1774 44.0268 0.7865
v  0.1774 44.0268 0.7865
v  0.1774 42.8768 0.2694
v  -0.1774 42.8768 0.2694
v  0.1774 44.5828 -0.1477
v  0.1774 44.8680 -0.0712
v  0.1969 44.7194 0.4835
v  0.1969 44.4375 0.3947
v  0.1774 44.2976 -0.2241
v  0.1969 44.1622 0.2812
v  0.1969 42.9732 -0.0904
v  0.1774 43.0696 -0.4503
v  -0.1774 44.5828 -0.1477
v  -0.1774 44.8680 -0.0712
v  -0.1774 44.2976 -0.2241
v  -0.1774 43.0696 -0.4503
v  -0.1969 44.7194 0.4835
v  -0.1969 44.4375 0.3947
v  -0.1969 44.1622 0.2812
v  -0.1969 42.9732 -0.0904
v  0.6228 44.7896 1.5764
v  0.5736 44.5601 1.5149
v  0.5867 44.6695 1.0857
v  0.6370 44.9043 1.1486
v  0.4404 44.3642 1.4624
v  0.4504 44.4692 1.0320
v  0.4706 44.7554 -0.1141
v  0.6130 44.9647 -0.0580
v  0.6655 45.2099 0.0077
v  0.2376 44.2355 1.4279
v  0.2430 44.3376 0.9967
v  -0.0000 44.1880 1.4152
v  -0.0000 44.2889 0.9837
v  -0.0000 44.5671 -0.1645
v  0.2539 44.6179 -0.1509
v  -0.2376 44.2355 1.4279
v  -0.2430 44.3376 0.9967
v  -0.4404 44.3642 1.4624
v  -0.4504 44.4692 1.0320
v  -0.4706 44.7554 -0.1141
v  -0.2539 44.6179 -0.1509
v  -0.5736 44.5601 1.5149
v  -0.5867 44.6695 1.0857
v  -0.6228 44.7896 1.5764
v  -0.6370 44.9043 1.1486
v  -0.6655 45.2099 0.0077
v  -0.6130 44.9647 -0.0580
v  -0.5736 45.0191 1.6379
v  -0.5867 45.1390 1.2115
v  -0.4701 45.2031 1.6872
v  -0.4808 45.3272 1.2619
v  -0.5023 45.6518 0.1261
v  -0.6130 45.4552 0.0734
v  -0.3564 45.3043 1.6816
v  -0.3645 45.4270 1.2700
v  -0.2904 45.3522 1.6083
v  -0.2720 45.4556 1.2963
v  -0.2842 45.7860 0.1621
v  -0.3808 45.7466 0.1702
v  0.4701 45.2031 1.6872
v  0.5736 45.0191 1.6379
v  0.5867 45.1390 1.2115
v  0.4808 45.3272 1.2619
v  0.6130 45.4552 0.0734
v  0.5023 45.6518 0.1261
v  0.4755 44.8652 -0.5432
v  0.6193 45.0767 -0.4865
v  0.6724 45.3245 -0.4201
v  -0.0000 44.6750 -0.5942
v  0.2565 44.7263 -0.5804
v  -0.4755 44.8652 -0.5432
v  -0.2565 44.7263 -0.5804
v  -0.6724 45.3245 -0.4201
v  -0.6193 45.0767 -0.4865
v  -0.5075 45.7710 -0.3005
v  -0.6193 45.5723 -0.3537
v  -0.3114 45.8651 -0.1564
v  -0.3848 45.8633 -0.2431
v  0.6193 45.5723 -0.3537
v  0.5075 45.7710 -0.3005
v  0.4000 44.7488 1.7183
v  0.3684 44.6014 1.6788
v  0.4581 44.5667 1.6695
v  0.4974 44.7500 1.7186
v  0.2828 44.4756 1.6451
v  0.3517 44.4102 1.6276
v  0.4059 44.3588 1.6138
v  0.5287 44.5393 1.6622
v  0.5740 44.7508 1.7188
v  0.1526 44.3930 1.6230
v  0.1898 44.3074 1.6000
v  -0.0000 44.3625 1.6148
v  -0.0000 44.2695 1.5899
v  -0.0000 44.1964 1.5703
v  0.2190 44.2402 1.5820
v  -0.1526 44.3930 1.6230
v  -0.1898 44.3074 1.6000
v  -0.2828 44.4756 1.6451
v  -0.3517 44.4102 1.6276
v  -0.4059 44.3588 1.6138
v  -0.2190 44.2402 1.5820
v  -0.3684 44.6014 1.6788
v  -0.4581 44.5667 1.6695
v  -0.4000 44.7488 1.7183
v  -0.4974 44.7500 1.7186
v  -0.5740 44.7508 1.7188
v  -0.5287 44.5393 1.6622
v  -0.3684 44.8962 1.7578
v  -0.4581 44.9332 1.7677
v  -0.3019 45.0144 1.7895
v  -0.3755 45.0802 1.8071
v  -0.4333 45.1319 1.8210
v  -0.5287 44.9624 1.7755
v  -0.2289 45.0834 1.7706
v  -0.2846 45.1638 1.7922
v  -0.1725 45.1372 1.6695
v  -0.2146 45.2237 1.6927
v  -0.2476 45.2917 1.7109
v  -0.3285 45.2270 1.8091
v  0.3019 45.0144 1.7895
v  0.3684 44.8962 1.7578
v  0.4581 44.9332 1.7677
v  0.3755 45.0802 1.8071
v  0.5287 44.9624 1.7755
v  0.4333 45.1319 1.8210
v  -0.3295 45.6498 -0.4858
v  -0.4021 45.5208 -0.5204
v  -0.5001 45.5613 -0.5095
v  -0.4098 45.7217 -0.4665
v  -0.4366 45.3600 -0.5635
v  -0.5430 45.3612 -0.5631
v  -0.6266 45.3622 -0.5629
v  -0.5771 45.5931 -0.5010
v  -0.4730 45.7782 -0.4514
v  -0.4021 45.1991 -0.6066
v  -0.5001 45.1611 -0.6168
v  -0.3087 45.0618 -0.6434
v  -0.3840 44.9903 -0.6625
v  -0.4431 44.9342 -0.6776
v  -0.5771 45.1313 -0.6248
v  -0.1666 44.9716 -0.6675
v  -0.2071 44.8781 -0.6926
v  -0.0000 44.9383 -0.6765
v  -0.0000 44.8367 -0.7037
v  -0.0000 44.7569 -0.7251
v  -0.2390 44.8047 -0.7122
v  0.1666 44.9716 -0.6675
v  0.2071 44.8781 -0.6926
v  0.3087 45.0618 -0.6434
v  0.3840 44.9903 -0.6625
v  0.4431 44.9342 -0.6776
v  0.2390 44.8047 -0.7122
v  0.4021 45.1991 -0.6066
v  0.5001 45.1611 -0.6168
v  0.4366 45.3600 -0.5635
v  0.5430 45.3612 -0.5631
v  0.6266 45.3622 -0.5629
v  0.5771 45.1313 -0.6248
v  0.4021 45.5208 -0.5204
v  0.5001 45.5613 -0.5095
v  0.3295 45.6498 -0.4858
v  0.4098 45.7217 -0.4665
v  0.4730 45.7782 -0.4514
v  0.5771 45.5931 -0.5010
v  0.2498 45.7057 -0.4335
v  0.3107 45.7935 -0.4100
v  0.1865 45.6998 -0.3196
v  0.2320 45.7932 -0.2946
v  0.2677 45.8665 -0.2749
v  0.3586 45.8624 -0.3915
v  0.2904 45.3522 1.6083
v  0.3564 45.3043 1.6816
v  0.3645 45.4270 1.2700
v  0.2720 45.4556 1.2963
v  0.3808 45.7466 0.1702
v  0.2842 45.7860 0.1621
v  0.3848 45.8633 -0.2431
v  0.3114 45.8651 -0.1564
v  0.1725 45.1372 1.6695
v  0.2289 45.0834 1.7706
v  0.2846 45.1638 1.7922
v  0.2146 45.2237 1.6927
v  0.3285 45.2270 1.8091
v  0.2476 45.2917 1.7109
v  -0.1865 45.6998 -0.3196
v  -0.2498 45.7057 -0.4335
v  -0.3107 45.7935 -0.4100
v  -0.2320 45.7932 -0.2946
v  -0.3586 45.8624 -0.3915
v  -0.2677 45.8665 -0.2749
v  0.1941 45.3554 1.2695
v  0.1561 45.2656 1.2454
v  0.2240 45.4260 1.2884
v  0.2340 45.7551 0.1538
v  0.2028 45.6813 0.1340
v  0.1631 45.5874 0.1089
v  -0.1631 45.5874 0.1089
v  -0.2028 45.6813 0.1340
v  -0.1941 45.3554 1.2695
v  -0.1561 45.2656 1.2454
v  -0.2240 45.4260 1.2884
v  -0.2340 45.7551 0.1538
v  0.2482 45.7886 0.1628
v  0.2376 45.4581 1.2970
v  0.2839 45.8999 -0.2660
v  0.4305 44.3354 1.6075
v  0.5607 44.5269 1.6588
v  0.6088 44.7512 1.7190
v  -0.0000 44.1632 1.5614
v  0.2323 44.2096 1.5738
v  -0.4305 44.3354 1.6075
v  -0.2323 44.2096 1.5738
v  -0.6088 44.7512 1.7190
v  -0.5607 44.5269 1.6588
v  -0.4595 45.1555 1.8273
v  -0.5607 44.9756 1.7791
v  -0.2626 45.3226 1.7192
v  -0.3484 45.2557 1.8168
v  0.5607 44.9756 1.7791
v  0.4595 45.1555 1.8273
v  -0.6646 45.3626 -0.5628
v  -0.6121 45.6075 -0.4971
v  -0.5016 45.8039 -0.4445
v  -0.4699 44.9087 -0.6844
v  -0.6121 45.1177 -0.6284
v  -0.0000 44.7207 -0.7348
v  -0.2535 44.7714 -0.7212
v  0.4699 44.9087 -0.6844
v  0.2535 44.7714 -0.7212
v  0.6646 45.3626 -0.5628
v  0.6121 45.1177 -0.6284
v  0.5016 45.8039 -0.4445
v  0.6121 45.6075 -0.4971
v  0.3803 45.8938 -0.3831
v  0.3484 45.2557 1.8168
v  0.2626 45.3226 1.7192
v  -0.3803 45.8938 -0.3831
v  -0.2839 45.8999 -0.2660
v  -0.2482 45.7886 0.1628
v  -0.2376 45.4581 1.2970
# 268 vertices

vt 0.3314 0.6950 0.0000
vt 0.3315 0.7066 0.0000
vt 0.3141 0.7067 0.0000
vt 0.3140 0.6951 0.0000
vt 0.3141 0.7183 0.0000
vt 0.3315 0.7183 0.0000
vt 0.3143 0.7759 0.0000
vt 0.3142 0.7590 0.0000
vt 0.3317 0.7589 0.0000
vt 0.3317 0.7758 0.0000
vt 0.3316 0.7428 0.0000
vt 0.3142 0.7428 0.0000
vt 0.4111 0.7439 0.0000
vt 0.4123 0.7599 0.0000
vt 0.3891 0.7599 0.0000
vt 0.3891 0.7439 0.0000
vt 0.3885 0.7768 0.0000
vt 0.4123 0.7768 0.0000
vt 0.3647 0.7768 0.0000
vt 0.3659 0.7599 0.0000
vt 0.3672 0.7439 0.0000
vt 0.3313 0.6375 0.0000
vt 0.3313 0.6544 0.0000
vt 0.3139 0.6544 0.0000
vt 0.3138 0.6376 0.0000
vt 0.3139 0.6705 0.0000
vt 0.3314 0.6705 0.0000
vt 0.4011 0.6173 0.0000
vt 0.4023 0.6334 0.0000
vt 0.3791 0.6334 0.0000
vt 0.3791 0.6173 0.0000
vt 0.3797 0.6502 0.0000
vt 0.4035 0.6503 0.0000
vt 0.3559 0.6502 0.0000
vt 0.3559 0.6334 0.0000
vt 0.3571 0.6173 0.0000
vt 0.3318 0.8065 0.0000
vt 0.3319 0.8211 0.0000
vt 0.3145 0.8211 0.0000
vt 0.3144 0.8066 0.0000
vt 0.3144 0.7916 0.0000
vt 0.3318 0.7915 0.0000
vt 0.3316 0.7293 0.0000
vt 0.3141 0.7294 0.0000
vt 0.4123 0.8066 0.0000
vt 0.4123 0.8211 0.0000
vt 0.3841 0.8211 0.0000
vt 0.3847 0.8066 0.0000
vt 0.3559 0.8211 0.0000
vt 0.3571 0.8066 0.0000
vt 0.4123 0.7921 0.0000
vt 0.3866 0.7921 0.0000
vt 0.3609 0.7921 0.0000
vt 0.3708 0.7309 0.0000
vt 0.3891 0.7309 0.0000
vt 0.3778 0.7224 0.0000
vt 0.3891 0.7195 0.0000
vt 0.4004 0.7224 0.0000
vt 0.4075 0.7309 0.0000
vt 0.3137 0.6078 0.0000
vt 0.3137 0.5933 0.0000
vt 0.3311 0.5932 0.0000
vt 0.3311 0.6077 0.0000
vt 0.3312 0.6222 0.0000
vt 0.3138 0.6223 0.0000
vt 0.3140 0.6840 0.0000
vt 0.3314 0.6839 0.0000
vt 0.4110 0.6801 0.0000
vt 0.4123 0.6946 0.0000
vt 0.3840 0.6946 0.0000
vt 0.3834 0.6801 0.0000
vt 0.3558 0.6945 0.0000
vt 0.3558 0.6800 0.0000
vt 0.4073 0.6656 0.0000
vt 0.3816 0.6655 0.0000
vt 0.3558 0.6655 0.0000
vt 0.3608 0.6043 0.0000
vt 0.3791 0.6044 0.0000
vt 0.3678 0.5958 0.0000
vt 0.3791 0.5930 0.0000
vt 0.3904 0.5958 0.0000
vt 0.3974 0.6044 0.0000
vt 0.8689 0.1581 0.0000
vt 0.8701 0.1470 0.0000
vt 0.8902 0.1488 0.0000
vt 0.8893 0.1604 0.0000
vt 0.8710 0.1363 0.0000
vt 0.8908 0.1374 0.0000
vt 0.9452 0.1382 0.0000
vt 0.9454 0.1500 0.0000
vt 0.9457 0.1621 0.0000
vt 0.8715 0.1257 0.0000
vt 0.8912 0.1262 0.0000
vt 0.8717 0.1150 0.0000
vt 0.8913 0.1150 0.0000
vt 0.9450 0.1149 0.0000
vt 0.9451 0.1265 0.0000
vt 0.8715 0.1044 0.0000
vt 0.8912 0.1039 0.0000
vt 0.8710 0.0938 0.0000
vt 0.8908 0.0926 0.0000
vt 0.9451 0.0917 0.0000
vt 0.9450 0.1034 0.0000
vt 0.8700 0.0831 0.0000
vt 0.8901 0.0812 0.0000
vt 0.8688 0.0720 0.0000
vt 0.8892 0.0696 0.0000
vt 0.9456 0.0677 0.0000
vt 0.9453 0.0798 0.0000
vt 0.8671 0.0609 0.0000
vt 0.8879 0.0576 0.0000
vt 0.8652 0.0508 0.0000
vt 0.8864 0.0466 0.0000
vt 0.9466 0.0437 0.0000
vt 0.9461 0.0553 0.0000
vt 0.8640 0.0433 0.0000
vt 0.8862 0.0388 0.0000
vt 0.8671 0.0386 0.0000
vt 0.8845 0.0337 0.0000
vt 0.9472 0.0301 0.0000
vt 0.9461 0.0355 0.0000
vt 0.8654 0.1793 0.0000
vt 0.8672 0.1692 0.0000
vt 0.8881 0.1724 0.0000
vt 0.8866 0.1834 0.0000
vt 0.9462 0.1746 0.0000
vt 0.9468 0.1862 0.0000
vt 0.9649 0.1377 0.0000
vt 0.9654 0.1492 0.0000
vt 0.9661 0.1610 0.0000
vt 0.9645 0.1149 0.0000
vt 0.9646 0.1263 0.0000
vt 0.9648 0.0922 0.0000
vt 0.9646 0.1036 0.0000
vt 0.9660 0.0689 0.0000
vt 0.9653 0.0806 0.0000
vt 0.9680 0.0459 0.0000
vt 0.9669 0.0568 0.0000
vt 0.9650 0.0332 0.0000
vt 0.9685 0.0379 0.0000
vt 0.9670 0.1730 0.0000
vt 0.9681 0.1839 0.0000
vt 0.8506 0.1553 0.0000
vt 0.8522 0.1450 0.0000
vt 0.8579 0.1457 0.0000
vt 0.8566 0.1562 0.0000
vt 0.8535 0.1349 0.0000
vt 0.8592 0.1354 0.0000
vt 0.8629 0.1356 0.0000
vt 0.8617 0.1461 0.0000
vt 0.8605 0.1568 0.0000
vt 0.8543 0.1251 0.0000
vt 0.8597 0.1253 0.0000
vt 0.8540 0.1151 0.0000
vt 0.8598 0.1151 0.0000
vt 0.8636 0.1151 0.0000
vt 0.8633 0.1254 0.0000
vt 0.8543 0.1051 0.0000
vt 0.8597 0.1049 0.0000
vt 0.8535 0.0952 0.0000
vt 0.8591 0.0948 0.0000
vt 0.8628 0.0945 0.0000
vt 0.8633 0.1047 0.0000
vt 0.8521 0.0852 0.0000
vt 0.8578 0.0845 0.0000
vt 0.8505 0.0749 0.0000
vt 0.8564 0.0740 0.0000
vt 0.8603 0.0734 0.0000
vt 0.8616 0.0840 0.0000
vt 0.8484 0.0645 0.0000
vt 0.8545 0.0633 0.0000
vt 0.8469 0.0546 0.0000
vt 0.8533 0.0536 0.0000
vt 0.8573 0.0530 0.0000
vt 0.8585 0.0625 0.0000
vt 0.8463 0.0475 0.0000
vt 0.8526 0.0467 0.0000
vt 0.8456 0.0390 0.0000
vt 0.8522 0.0385 0.0000
vt 0.8573 0.0384 0.0000
vt 0.8568 0.0465 0.0000
vt 0.8471 0.1755 0.0000
vt 0.8485 0.1657 0.0000
vt 0.8546 0.1668 0.0000
vt 0.8535 0.1765 0.0000
vt 0.8586 0.1676 0.0000
vt 0.8575 0.1771 0.0000
vt 0.9876 0.0481 0.0000
vt 0.9869 0.0590 0.0000
vt 0.9801 0.0582 0.0000
vt 0.9805 0.0476 0.0000
vt 0.9853 0.0706 0.0000
vt 0.9788 0.0700 0.0000
vt 0.9745 0.0696 0.0000
vt 0.9757 0.0578 0.0000
vt 0.9761 0.0473 0.0000
vt 0.9843 0.0820 0.0000
vt 0.9779 0.0815 0.0000
vt 0.9833 0.0931 0.0000
vt 0.9771 0.0928 0.0000
vt 0.9731 0.0926 0.0000
vt 0.9737 0.0812 0.0000
vt 0.9827 0.1039 0.0000
vt 0.9767 0.1038 0.0000
vt 0.9831 0.1149 0.0000
vt 0.9768 0.1149 0.0000
vt 0.9727 0.1149 0.0000
vt 0.9728 0.1037 0.0000
vt 0.9827 0.1259 0.0000
vt 0.9768 0.1260 0.0000
vt 0.9833 0.1367 0.0000
vt 0.9772 0.1370 0.0000
vt 0.9731 0.1372 0.0000
vt 0.9728 0.1261 0.0000
vt 0.9843 0.1478 0.0000
vt 0.9780 0.1483 0.0000
vt 0.9854 0.1592 0.0000
vt 0.9789 0.1598 0.0000
vt 0.9746 0.1602 0.0000
vt 0.9738 0.1486 0.0000
vt 0.9870 0.1708 0.0000
vt 0.9803 0.1715 0.0000
vt 0.9878 0.1816 0.0000
vt 0.9807 0.1822 0.0000
vt 0.9763 0.1825 0.0000
vt 0.9759 0.1720 0.0000
vt 0.9877 0.1895 0.0000
vt 0.9808 0.1897 0.0000
vt 0.9882 0.1983 0.0000
vt 0.9809 0.1984 0.0000
vt 0.9753 0.1980 0.0000
vt 0.9763 0.1896 0.0000
vt 0.8673 0.1915 0.0000
vt 0.8642 0.1868 0.0000
vt 0.8864 0.1913 0.0000
vt 0.8847 0.1963 0.0000
vt 0.9463 0.1944 0.0000
vt 0.9474 0.1998 0.0000
vt 0.9688 0.1920 0.0000
vt 0.9652 0.1966 0.0000
vt 0.8459 0.1912 0.0000
vt 0.8465 0.1827 0.0000
vt 0.8528 0.1834 0.0000
vt 0.8524 0.1917 0.0000
vt 0.8569 0.1837 0.0000
vt 0.8575 0.1917 0.0000
vt 0.9879 0.0314 0.0000
vt 0.9875 0.0403 0.0000
vt 0.9806 0.0401 0.0000
vt 0.9807 0.0314 0.0000
vt 0.9761 0.0402 0.0000
vt 0.9751 0.0318 0.0000
vt 0.8564 0.2037 0.0000
vt 0.8579 0.1980 0.0000
vt 0.8832 0.2045 0.0000
vt 0.8821 0.2101 0.0000
vt 0.8591 0.1935 0.0000
vt 0.8840 0.2001 0.0000
vt 0.9476 0.2038 0.0000
vt 0.9477 0.2085 0.0000
vt 0.9479 0.2145 0.0000
vt 0.9476 0.0154 0.0000
vt 0.9475 0.0214 0.0000
vt 0.8829 0.0256 0.0000
vt 0.8819 0.0199 0.0000
vt 0.8838 0.0299 0.0000
vt 0.9473 0.0260 0.0000
vt 0.8589 0.0366 0.0000
vt 0.8577 0.0322 0.0000
vt 0.8562 0.0264 0.0000
vt 0.9743 0.0186 0.0000
vt 0.9736 0.0250 0.0000
vt 0.9730 0.0300 0.0000
vt 0.9475 0.2018 0.0000
vt 0.8844 0.1982 0.0000
vt 0.9729 0.1975 0.0000
vt 0.9732 0.1998 0.0000
vt 0.8645 0.1358 0.0000
vt 0.8633 0.1463 0.0000
vt 0.8621 0.1570 0.0000
vt 0.8652 0.1151 0.0000
vt 0.8648 0.1254 0.0000
vt 0.8644 0.0943 0.0000
vt 0.8648 0.1047 0.0000
vt 0.8620 0.0731 0.0000
vt 0.8632 0.0838 0.0000
vt 0.8590 0.0527 0.0000
vt 0.8601 0.0622 0.0000
vt 0.8595 0.0386 0.0000
vt 0.8584 0.0465 0.0000
vt 0.8603 0.1679 0.0000
vt 0.8592 0.1774 0.0000
vt 0.9727 0.0695 0.0000
vt 0.9739 0.0575 0.0000
vt 0.9742 0.0471 0.0000
vt 0.9714 0.0925 0.0000
vt 0.9720 0.0811 0.0000
vt 0.9709 0.1149 0.0000
vt 0.9712 0.1037 0.0000
vt 0.9714 0.1373 0.0000
vt 0.9712 0.1261 0.0000
vt 0.9728 0.1603 0.0000
vt 0.9721 0.1487 0.0000
vt 0.9744 0.1827 0.0000
vt 0.9740 0.1723 0.0000
vt 0.9745 0.1893 0.0000
vt 0.8586 0.1836 0.0000
vt 0.8597 0.1915 0.0000
vt 0.9743 0.0405 0.0000
vt 0.9727 0.0323 0.0000
vt 0.9473 0.0281 0.0000
vt 0.8842 0.0319 0.0000
vt 0.9738 0.2048 0.0000
vt 0.9745 0.2112 0.0000
# 314 texture coords

o MicStand_Arm
g MicStand_Arm
usemtl MicStand_mtl
s 3
f 1248/1503 1249/1504 1250/1505 1251/1506 
f 1252/1507 1250/1505 1249/1504 1253/1508 
f 1254/1509 1255/1510 1256/1511 1257/1512 
f 1258/1513 1256/1511 1255/1510 1259/1514 
f 1260/1515 1261/1516 1262/1517 1263/1518 
f 1264/1519 1262/1517 1261/1516 1265/1520 
f 1257/1521 1256/1522 1262/1517 1264/1519 
f 1263/1518 1262/1517 1256/1522 1258/1523 
f 1265/1524 1261/1525 1266/1526 1267/1527 
f 1268/1528 1266/1526 1261/1525 1260/1529 
f 1259/1530 1255/1531 1269/1532 1270/1533 
f 1271/1534 1269/1532 1255/1531 1254/1535 
f 1267/1536 1266/1537 1269/1532 1271/1534 
f 1270/1533 1269/1532 1266/1537 1268/1538 
f 1272/1539 1273/1540 1274/1541 1275/1542 
f 1275/1542 1276/1543 1277/1544 1272/1539 
f 1257/1512 1277/1544 1276/1543 1254/1509 
f 1253/1508 1278/1545 1279/1546 1252/1507 
f 1259/1514 1279/1546 1278/1545 1258/1513 
f 1280/1547 1281/1548 1282/1549 1283/1550 
f 1283/1550 1282/1549 1273/1551 1272/1552 
f 1265/1520 1284/1553 1285/1554 1264/1519 
f 1283/1550 1285/1554 1284/1553 1280/1547 
f 1272/1552 1277/1555 1285/1554 1283/1550 
f 1264/1519 1285/1554 1277/1555 1257/1521 
f 1258/1523 1278/1556 1286/1557 1263/1518 
f 1286/1557 1278/1556 1253/1558 
f 1286/1557 1249/1559 1248/1560 
f 1263/1518 1286/1557 1287/1561 1260/1515 
f 1288/1562 1289/1563 1281/1564 1280/1565 
f 1280/1565 1284/1566 1290/1567 1288/1562 
f 1267/1527 1290/1567 1284/1566 1265/1524 
f 1251/1506 1291/1568 1287/1569 1248/1503 
f 1260/1529 1287/1569 1291/1568 1268/1528 
f 1275/1570 1274/1571 1292/1572 1293/1573 
f 1293/1573 1292/1572 1289/1574 1288/1575 
f 1254/1535 1276/1576 1294/1577 1271/1534 
f 1293/1573 1294/1577 1276/1576 1275/1570 
f 1288/1575 1290/1578 1294/1577 1293/1573 
f 1271/1534 1294/1577 1290/1578 1267/1536 
f 1268/1538 1291/1579 1295/1580 1270/1533 
f 1295/1580 1291/1579 1251/1581 
f 1295/1580 1250/1582 1252/1583 
f 1270/1533 1295/1580 1279/1584 1259/1530 
s 1
f 1296/1585 1297/1586 1298/1587 1299/1588 
f 1300/1589 1301/1590 1298/1587 1297/1586 
f 1302/1591 1303/1592 1298/1587 1301/1590 
f 1299/1588 1298/1587 1303/1592 1304/1593 
f 1300/1589 1305/1594 1306/1595 1301/1590 
f 1307/1596 1308/1597 1306/1595 1305/1594 
f 1309/1598 1310/1599 1306/1595 1308/1597 
f 1301/1590 1306/1595 1310/1599 1302/1591 
f 1307/1596 1311/1600 1312/1601 1308/1597 
f 1313/1602 1314/1603 1312/1601 1311/1600 
f 1315/1604 1316/1605 1312/1601 1314/1603 
f 1308/1597 1312/1601 1316/1605 1309/1598 
f 1313/1602 1317/1606 1318/1607 1314/1603 
f 1319/1608 1320/1609 1318/1607 1317/1606 
f 1321/1610 1322/1611 1318/1607 1320/1609 
f 1314/1603 1318/1607 1322/1611 1315/1604 
f 1319/1608 1323/1612 1324/1613 1320/1609 
f 1325/1614 1326/1615 1324/1613 1323/1612 
f 1327/1616 1328/1617 1324/1613 1326/1615 
f 1320/1609 1324/1613 1328/1617 1321/1610 
f 1325/1614 1329/1618 1330/1619 1326/1615 
f 1331/1620 1332/1621 1330/1619 1329/1618 
f 1333/1622 1334/1623 1330/1619 1332/1621 
f 1326/1615 1330/1619 1334/1623 1327/1616 
f 1335/1624 1336/1625 1337/1626 1338/1627 
f 1296/1585 1299/1588 1337/1626 1336/1625 
f 1304/1593 1339/1628 1337/1626 1299/1588 
f 1338/1627 1337/1626 1339/1628 1340/1629 
f 1341/1630 1342/1631 1303/1592 1302/1591 
f 1343/1632 1304/1593 1303/1592 1342/1631 
f 1344/1633 1345/1634 1310/1599 1309/1598 
f 1341/1630 1302/1591 1310/1599 1345/1634 
f 1346/1635 1347/1636 1316/1605 1315/1604 
f 1344/1633 1309/1598 1316/1605 1347/1636 
f 1348/1637 1349/1638 1322/1611 1321/1610 
f 1346/1635 1315/1604 1322/1611 1349/1638 
f 1350/1639 1351/1640 1328/1617 1327/1616 
f 1348/1637 1321/1610 1328/1617 1351/1640 
f 1352/1641 1353/1642 1334/1623 1333/1622 
f 1350/1639 1327/1616 1334/1623 1353/1642 
f 1343/1632 1354/1643 1339/1628 1304/1593 
f 1355/1644 1340/1629 1339/1628 1354/1643 
s 2
f 1356/1645 1357/1646 1358/1647 1359/1648 
f 1360/1649 1361/1650 1358/1647 1357/1646 
f 1362/1651 1363/1652 1358/1647 1361/1650 
f 1364/1653 1359/1648 1358/1647 1363/1652 
f 1360/1649 1365/1654 1366/1655 1361/1650 
f 1367/1656 1368/1657 1366/1655 1365/1654 
f 1369/1658 1370/1659 1366/1655 1368/1657 
f 1362/1651 1361/1650 1366/1655 1370/1659 
f 1367/1656 1371/1660 1372/1661 1368/1657 
f 1373/1662 1374/1663 1372/1661 1371/1660 
f 1375/1664 1376/1665 1372/1661 1374/1663 
f 1369/1658 1368/1657 1372/1661 1376/1665 
f 1373/1662 1377/1666 1378/1667 1374/1663 
f 1379/1668 1380/1669 1378/1667 1377/1666 
f 1381/1670 1382/1671 1378/1667 1380/1669 
f 1375/1664 1374/1663 1378/1667 1382/1671 
f 1379/1668 1383/1672 1384/1673 1380/1669 
f 1385/1674 1386/1675 1384/1673 1383/1672 
f 1387/1676 1388/1677 1384/1673 1386/1675 
f 1381/1670 1380/1669 1384/1673 1388/1677 
f 1385/1674 1389/1678 1390/1679 1386/1675 
f 1391/1680 1392/1681 1390/1679 1389/1678 
f 1393/1682 1394/1683 1390/1679 1392/1681 
f 1387/1676 1386/1675 1390/1679 1394/1683 
f 1395/1684 1396/1685 1397/1686 1398/1687 
f 1356/1645 1359/1648 1397/1686 1396/1685 
f 1364/1653 1399/1688 1397/1686 1359/1648 
f 1400/1689 1398/1687 1397/1686 1399/1688 
f 1401/1690 1402/1691 1403/1692 1404/1693 
f 1405/1694 1406/1695 1403/1692 1402/1691 
f 1407/1696 1408/1697 1403/1692 1406/1695 
f 1409/1698 1404/1693 1403/1692 1408/1697 
f 1405/1694 1410/1699 1411/1700 1406/1695 
f 1412/1701 1413/1702 1411/1700 1410/1699 
f 1414/1703 1415/1704 1411/1700 1413/1702 
f 1407/1696 1406/1695 1411/1700 1415/1704 
f 1412/1701 1416/1705 1417/1706 1413/1702 
f 1418/1707 1419/1708 1417/1706 1416/1705 
f 1420/1709 1421/1710 1417/1706 1419/1708 
f 1414/1703 1413/1702 1417/1706 1421/1710 
f 1418/1707 1422/1711 1423/1712 1419/1708 
f 1424/1713 1425/1714 1423/1712 1422/1711 
f 1426/1715 1427/1716 1423/1712 1425/1714 
f 1420/1709 1419/1708 1423/1712 1427/1716 
f 1424/1713 1428/1717 1429/1718 1425/1714 
f 1430/1719 1431/1720 1429/1718 1428/1717 
f 1432/1721 1433/1722 1429/1718 1431/1720 
f 1426/1715 1425/1714 1429/1718 1433/1722 
f 1430/1719 1434/1723 1435/1724 1431/1720 
f 1436/1725 1437/1726 1435/1724 1434/1723 
f 1438/1727 1439/1728 1435/1724 1437/1726 
f 1432/1721 1431/1720 1435/1724 1439/1728 
f 1436/1725 1440/1729 1441/1730 1437/1726 
f 1442/1731 1443/1732 1441/1730 1440/1729 
f 1444/1733 1445/1734 1441/1730 1443/1732 
f 1438/1727 1437/1726 1441/1730 1445/1734 
s 1
f 1446/1735 1447/1736 1448/1737 1449/1738 
f 1335/1624 1338/1627 1448/1737 1447/1736 
f 1340/1629 1450/1739 1448/1737 1338/1627 
f 1449/1738 1448/1737 1450/1739 1451/1740 
f 1355/1644 1452/1741 1450/1739 1340/1629 
f 1453/1742 1451/1740 1450/1739 1452/1741 
s 2
f 1454/1743 1455/1744 1456/1745 1457/1746 
f 1395/1684 1398/1687 1456/1745 1455/1744 
f 1400/1689 1458/1747 1456/1745 1398/1687 
f 1459/1748 1457/1746 1456/1745 1458/1747 
f 1460/1749 1461/1750 1462/1751 1463/1752 
f 1401/1690 1404/1693 1462/1751 1461/1750 
f 1409/1698 1464/1753 1462/1751 1404/1693 
f 1465/1754 1463/1752 1462/1751 1464/1753 
f 1454/1755 1457/1756 1466/1757 1467/1758 
f 1459/1759 1468/1760 1466/1757 1457/1756 
f 1469/1761 1470/1762 1466/1757 1468/1760 
f 1467/1758 1466/1757 1470/1762 1471/1763 
f 1472/1764 1473/1765 1474/1766 1475/1767 
f 1476/1768 1474/1766 1473/1765 1477/1769 
f 1393/1770 1392/1771 1474/1766 1476/1768 
f 1391/1772 1475/1767 1474/1766 1392/1771 
f 1460/1773 1463/1774 1473/1765 1472/1764 
f 1465/1775 1477/1769 1473/1765 1463/1774 
s 3
f 1451/1740 1478/1776 1479/1777 1449/1738 
f 1453/1742 1480/1778 1478/1776 1451/1740 
f 1444/1779 1469/1761 1478/1776 1480/1778 
f 1468/1760 1479/1777 1478/1776 1469/1761 
f 1362/1651 1481/1780 1482/1781 1363/1652 
f 1300/1589 1297/1586 1482/1781 1481/1780 
f 1296/1585 1483/1782 1482/1781 1297/1586 
f 1364/1653 1363/1652 1482/1781 1483/1782 
f 1369/1658 1484/1783 1485/1784 1370/1659 
f 1307/1596 1305/1594 1485/1784 1484/1783 
f 1300/1589 1481/1780 1485/1784 1305/1594 
f 1362/1651 1370/1659 1485/1784 1481/1780 
f 1375/1664 1486/1785 1487/1786 1376/1665 
f 1313/1602 1311/1600 1487/1786 1486/1785 
f 1307/1596 1484/1783 1487/1786 1311/1600 
f 1369/1658 1376/1665 1487/1786 1484/1783 
f 1381/1670 1488/1787 1489/1788 1382/1671 
f 1319/1608 1317/1606 1489/1788 1488/1787 
f 1313/1602 1486/1785 1489/1788 1317/1606 
f 1375/1664 1382/1671 1489/1788 1486/1785 
f 1387/1676 1490/1789 1491/1790 1388/1677 
f 1325/1614 1323/1612 1491/1790 1490/1789 
f 1319/1608 1488/1787 1491/1790 1323/1612 
f 1381/1670 1388/1677 1491/1790 1488/1787 
f 1393/1682 1492/1791 1493/1792 1394/1683 
f 1331/1620 1329/1618 1493/1792 1492/1791 
f 1325/1614 1490/1789 1493/1792 1329/1618 
f 1387/1676 1394/1683 1493/1792 1490/1789 
f 1364/1653 1483/1782 1494/1793 1399/1688 
f 1296/1585 1336/1625 1494/1793 1483/1782 
f 1335/1624 1495/1794 1494/1793 1336/1625 
f 1400/1689 1399/1688 1494/1793 1495/1794 
f 1407/1696 1496/1795 1497/1796 1408/1697 
f 1348/1637 1351/1640 1497/1796 1496/1795 
f 1350/1639 1498/1797 1497/1796 1351/1640 
f 1409/1698 1408/1697 1497/1796 1498/1797 
f 1414/1703 1499/1798 1500/1799 1415/1704 
f 1346/1635 1349/1638 1500/1799 1499/1798 
f 1348/1637 1496/1795 1500/1799 1349/1638 
f 1407/1696 1415/1704 1500/1799 1496/1795 
f 1420/1709 1501/1800 1502/1801 1421/1710 
f 1344/1633 1347/1636 1502/1801 1501/1800 
f 1346/1635 1499/1798 1502/1801 1347/1636 
f 1414/1703 1421/1710 1502/1801 1499/1798 
f 1426/1715 1503/1802 1504/1803 1427/1716 
f 1341/1630 1345/1634 1504/1803 1503/1802 
f 1344/1633 1501/1800 1504/1803 1345/1634 
f 1420/1709 1427/1716 1504/1803 1501/1800 
f 1432/1721 1505/1804 1506/1805 1433/1722 
f 1343/1632 1342/1631 1506/1805 1505/1804 
f 1341/1630 1503/1802 1506/1805 1342/1631 
f 1426/1715 1433/1722 1506/1805 1503/1802 
f 1438/1727 1507/1806 1508/1807 1439/1728 
f 1355/1644 1354/1643 1508/1807 1507/1806 
f 1343/1632 1505/1804 1508/1807 1354/1643 
f 1432/1721 1439/1728 1508/1807 1505/1804 
f 1444/1733 1480/1778 1509/1808 1445/1734 
f 1453/1742 1452/1741 1509/1808 1480/1778 
f 1355/1644 1507/1806 1509/1808 1452/1741 
f 1438/1727 1445/1734 1509/1808 1507/1806 
f 1400/1689 1495/1794 1510/1809 1458/1747 
f 1335/1624 1447/1736 1510/1809 1495/1794 
f 1446/1735 1511/1810 1510/1809 1447/1736 
f 1459/1748 1458/1747 1510/1809 1511/1810 
f 1409/1698 1498/1797 1512/1811 1464/1753 
f 1350/1639 1353/1642 1512/1811 1498/1797 
f 1352/1641 1513/1812 1512/1811 1353/1642 
f 1465/1754 1464/1753 1512/1811 1513/1812 
f 1459/1759 1511/1810 1479/1777 1468/1760 
f 1446/1735 1449/1738 1479/1777 1511/1810 
f 1477/1769 1514/1813 1515/1814 1476/1768 
f 1332/1621 1515/1814 1514/1813 1333/1622 
f 1331/1620 1492/1791 1515/1814 1332/1621 
f 1393/1770 1476/1768 1515/1814 1492/1791 
f 1465/1775 1513/1812 1514/1813 1477/1769 
f 1352/1641 1333/1622 1514/1813 1513/1812 
s 2
f 1444/1779 1443/1815 1470/1762 1469/1761 
f 1442/1816 1471/1763 1470/1762 1443/1815 
s 3
f 1253/1558 1249/1559 1286/1557 
f 1248/1560 1287/1561 1286/1557 
f 1251/1581 1250/1582 1295/1580 
f 1252/1583 1279/1584 1295/1580 
# 240 polygons - 8 triangles

#
# object MicStand_Mike
#

v  -0.0000 44.4457 2.8599
v  0.3870 44.2909 2.8184
v  0.4202 44.4457 2.8599
v  0.1603 44.0719 2.7597
v  0.2971 44.1587 2.7830
v  -0.1603 44.0719 2.7597
v  -0.0000 44.0398 2.7511
v  -0.3870 44.2909 2.8184
v  -0.2971 44.1587 2.7830
v  -0.3870 44.6005 2.9013
v  -0.4202 44.4457 2.8599
v  -0.1603 44.8195 2.9600
v  -0.2971 44.7327 2.9368
v  0.1603 44.8195 2.9600
v  0.0000 44.8516 2.9686
v  0.3870 44.6005 2.9013
v  0.2971 44.7327 2.9368
v  0.3455 44.1168 2.7526
v  0.4499 44.2705 2.7938
v  0.4885 44.4505 2.8420
v  -0.0000 43.9786 2.7156
v  0.1864 44.0159 2.7256
v  -0.3455 44.1168 2.7526
v  -0.1864 44.0159 2.7256
v  -0.4885 44.4505 2.8420
v  -0.4499 44.2705 2.7938
v  -0.3455 44.7842 2.9314
v  -0.4499 44.6305 2.8903
v  0.0000 44.9224 2.9685
v  -0.1864 44.8851 2.9585
v  0.3455 44.7842 2.9314
v  0.1864 44.8851 2.9585
v  0.4499 44.6305 2.8903
v  0.4719 44.2760 2.7380
v  0.5124 44.4648 2.7885
v  0.3623 44.1149 2.6948
v  0.3655 44.1690 2.4800
v  0.4761 44.3316 2.5236
v  0.5170 44.5221 2.5746
v  0.1955 44.0090 2.6664
v  -0.0000 43.9699 2.6559
v  -0.0000 44.0228 2.4408
v  0.1972 44.0622 2.4514
v  -0.1955 44.0090 2.6664
v  -0.3623 44.1149 2.6948
v  -0.3655 44.1690 2.4800
v  -0.1972 44.0622 2.4514
v  -0.4719 44.2760 2.7380
v  -0.5124 44.4648 2.7885
v  -0.5170 44.5221 2.5746
v  -0.4761 44.3316 2.5236
v  -0.4719 44.6536 2.8391
v  -0.3623 44.8148 2.8823
v  -0.3655 44.8752 2.6692
v  -0.4761 44.7126 2.6257
v  -0.1955 44.9206 2.9107
v  0.0000 44.9597 2.9212
v  0.0000 45.0215 2.7084
v  -0.1972 44.9820 2.6979
v  0.1955 44.9206 2.9107
v  0.3623 44.8148 2.8823
v  0.3655 44.8752 2.6692
v  0.1972 44.9820 2.6979
v  0.4719 44.6536 2.8391
v  0.4761 44.7126 2.6257
v  0.5530 45.3455 -1.3832
v  0.6005 45.5667 -1.3239
v  0.2291 45.0326 -1.4670
v  0.4246 45.1566 -1.4338
v  -0.2291 45.0326 -1.4670
v  -0.0000 44.9867 -1.4793
v  -0.5530 45.3455 -1.3832
v  -0.4246 45.1566 -1.4338
v  -0.5530 45.7880 -1.2646
v  -0.6005 45.5667 -1.3239
v  -0.2291 46.1009 -1.1807
v  -0.4246 45.9769 -1.2140
v  0.2291 46.1009 -1.1807
v  0.0000 46.1467 -1.1685
v  0.5530 45.7880 -1.2646
v  0.4246 45.9769 -1.2140
v  0.5664 45.5450 -2.1493
v  0.6150 45.7716 -2.0886
v  0.4349 45.3516 -2.2011
v  0.2346 45.2245 -2.2352
v  -0.0000 45.1776 -2.2477
v  -0.2346 45.2245 -2.2352
v  -0.4349 45.3516 -2.2011
v  -0.5664 45.5450 -2.1493
v  -0.6150 45.7716 -2.0886
v  -0.5664 45.9983 -2.0278
v  -0.4349 46.1917 -1.9760
v  -0.2346 46.3188 -1.9420
v  0.0000 46.3657 -1.9294
v  0.2346 46.3188 -1.9420
v  0.4349 46.1917 -1.9760
v  0.5664 45.9983 -2.0278
v  0.7674 45.8588 -2.4140
v  0.7068 45.5761 -2.4898
v  0.6953 45.5815 -2.4917
v  0.7549 45.8597 -2.4171
v  0.5426 45.3347 -2.5545
v  0.5338 45.3440 -2.5553
v  0.4471 45.3568 -2.2678
v  0.5824 45.5557 -2.2145
v  0.6323 45.7887 -2.1521
v  0.2927 45.1762 -2.5970
v  0.2880 45.1881 -2.5971
v  -0.0000 45.1176 -2.6126
v  -0.0000 45.1305 -2.6125
v  -0.0000 45.1779 -2.3157
v  0.2412 45.2261 -2.3028
v  -0.2927 45.1762 -2.5970
v  -0.2880 45.1881 -2.5971
v  -0.5426 45.3347 -2.5545
v  -0.5338 45.3440 -2.5553
v  -0.4471 45.3568 -2.2678
v  -0.2412 45.2261 -2.3028
v  -0.7068 45.5761 -2.4898
v  -0.6953 45.5815 -2.4917
v  -0.7674 45.8588 -2.4140
v  -0.7549 45.8597 -2.4171
v  -0.6323 45.7887 -2.1521
v  -0.5824 45.5557 -2.2145
v  -0.7068 46.1416 -2.3383
v  -0.6953 46.1379 -2.3426
v  -0.5426 46.3830 -2.2736
v  -0.5338 46.3753 -2.2790
v  -0.4471 46.2205 -2.0364
v  -0.5824 46.0217 -2.0896
v  -0.2927 46.5415 -2.2311
v  -0.2880 46.5313 -2.2372
v  0.0000 46.6001 -2.2154
v  0.0000 46.5889 -2.2217
v  -0.0000 46.3994 -1.9884
v  -0.2412 46.3512 -2.0014
v  0.2927 46.5415 -2.2311
v  0.2880 46.5313 -2.2372
v  0.5426 46.3830 -2.2736
v  0.5338 46.3753 -2.2790
v  0.4471 46.2205 -2.0364
v  0.2412 46.3512 -2.0014
v  0.7068 46.1416 -2.3383
v  0.6953 46.1379 -2.3426
v  0.5824 46.0217 -2.0896
v  0.3766 45.3811 -2.0863
v  0.4035 45.3559 -2.0962
v  0.5256 45.5354 -2.0481
v  0.4905 45.5486 -2.0414
v  0.4273 45.3337 -2.1051
v  0.5566 45.5237 -2.0542
v  0.6043 45.7464 -1.9945
v  0.5706 45.7457 -1.9918
v  0.5326 45.7449 -1.9888
v  -0.0000 45.2305 -2.1266
v  -0.0000 45.1945 -2.1395
v  0.2177 45.2380 -2.1278
v  0.2032 45.2711 -2.1157
v  -0.0000 45.1627 -2.1509
v  0.2305 45.2088 -2.1386
v  -0.3766 45.3811 -2.0863
v  -0.4035 45.3559 -2.0962
v  -0.2177 45.2380 -2.1278
v  -0.2032 45.2711 -2.1157
v  -0.4273 45.3337 -2.1051
v  -0.2305 45.2088 -2.1386
v  -0.5326 45.7449 -1.9888
v  -0.5706 45.7457 -1.9918
v  -0.5256 45.5354 -2.0481
v  -0.4905 45.5486 -2.0414
v  -0.6043 45.7464 -1.9945
v  -0.5566 45.5237 -2.0542
v  -0.3766 46.1087 -1.8913
v  -0.4035 46.1355 -1.8873
v  -0.5256 45.9560 -1.9354
v  -0.4905 45.9412 -1.9362
v  -0.4273 46.1592 -1.8839
v  -0.5566 45.9691 -1.9348
v  0.0000 46.2593 -1.8509
v  0.0000 46.2969 -1.8441
v  -0.2177 46.2534 -1.8558
v  -0.2032 46.2187 -1.8618
v  0.0000 46.3302 -1.8381
v  -0.2305 46.2840 -1.8504
v  0.3766 46.1087 -1.8913
v  0.4035 46.1355 -1.8873
v  0.2177 46.2534 -1.8558
v  0.2032 46.2187 -1.8618
v  0.4273 46.1592 -1.8839
v  0.2305 46.2840 -1.8504
v  0.5256 45.9560 -1.9354
v  0.4905 45.9412 -1.9362
v  0.5566 45.9691 -1.9348
v  0.4450 45.3172 -2.1118
v  0.5795 45.5151 -2.0588
v  0.4578 45.3075 -2.1253
v  0.5963 45.5111 -2.0707
v  0.6474 45.7497 -2.0068
v  0.6293 45.7470 -1.9967
v  -0.0000 45.1392 -2.1595
v  0.2401 45.1872 -2.1467
v  -0.0000 45.1243 -2.1743
v  0.2470 45.1737 -2.1611
v  -0.4450 45.3172 -2.1118
v  -0.2401 45.1872 -2.1467
v  -0.4578 45.3075 -2.1253
v  -0.2470 45.1737 -2.1611
v  -0.6293 45.7470 -1.9967
v  -0.5795 45.5151 -2.0588
v  -0.6474 45.7497 -2.0068
v  -0.5963 45.5111 -2.0707
v  -0.4450 46.1768 -1.8815
v  -0.5795 45.9789 -1.9345
v  -0.4578 46.1919 -1.8883
v  -0.5963 45.9883 -1.9428
v  0.0000 46.3548 -1.8338
v  -0.2401 46.3068 -1.8467
v  0.0000 46.3751 -1.8392
v  -0.2470 46.3257 -1.8524
v  0.4450 46.1768 -1.8815
v  0.2401 46.3068 -1.8467
v  0.4578 46.1919 -1.8883
v  0.2470 46.3257 -1.8524
v  0.5795 45.9789 -1.9345
v  0.5963 45.9883 -1.9428
v  0.4673 45.3043 -2.1501
v  0.6087 45.5122 -2.0944
v  0.5456 45.3299 -2.5481
v  0.7107 45.5726 -2.4830
v  0.6609 45.7557 -2.0291
v  0.7716 45.8569 -2.4068
v  -0.0000 45.1173 -2.2002
v  0.2521 45.1678 -2.1867
v  -0.0000 45.1116 -2.6066
v  0.2944 45.1705 -2.5908
v  -0.4673 45.3043 -2.1501
v  -0.2521 45.1678 -2.1867
v  -0.5456 45.3299 -2.5481
v  -0.2944 45.1705 -2.5908
v  -0.6609 45.7557 -2.0291
v  -0.6087 45.5122 -2.0944
v  -0.7716 45.8569 -2.4068
v  -0.7107 45.5726 -2.4830
v  -0.4673 46.2071 -1.9082
v  -0.6087 45.9992 -1.9639
v  -0.5456 46.3840 -2.2656
v  -0.7107 46.1413 -2.3306
v  0.0000 46.3941 -1.8581
v  -0.2521 46.3436 -1.8716
v  0.0000 46.6023 -2.2071
v  -0.2944 46.5434 -2.2229
v  0.4673 46.2071 -1.9082
v  0.2521 46.3436 -1.8716
v  0.5456 46.3840 -2.2656
v  0.2944 46.5434 -2.2229
v  0.6087 45.9992 -1.9639
v  0.7107 46.1413 -2.3306
v  0.7434 45.3247 -3.2926
v  0.7434 45.3644 -3.4410
v  0.9682 45.6951 -3.3524
v  0.9682 45.6553 -3.2040
v  1.0513 46.0824 -3.2486
v  1.0513 46.0427 -3.1002
v  -0.0000 45.0273 -3.3723
v  -0.0000 45.0670 -3.5207
v  0.4010 45.1472 -3.4992
v  0.4010 45.1075 -3.3508
v  -0.7434 45.3247 -3.2926
v  -0.7434 45.3644 -3.4410
v  -0.4010 45.1472 -3.4992
v  -0.4010 45.1075 -3.3508
v  -1.0513 46.0427 -3.1002
v  -1.0513 46.0824 -3.2486
v  -0.9682 45.6951 -3.3524
v  -0.9682 45.6553 -3.2040
v  -0.7434 46.7607 -2.9079
v  -0.7434 46.8005 -3.0562
v  -0.9682 46.4698 -3.1448
v  -0.9682 46.4301 -2.9964
v  0.0000 47.0582 -2.8282
v  0.0000 47.0979 -2.9765
v  -0.4010 47.0177 -2.9980
v  -0.4010 46.9779 -2.8497
v  0.7434 46.7607 -2.9079
v  0.7434 46.8005 -3.0562
v  0.4010 47.0177 -2.9980
v  0.4010 46.9779 -2.8497
v  0.9682 46.4698 -3.1448
v  0.9682 46.4301 -2.9964
v  0.7434 45.3727 -3.4718
v  0.9682 45.7033 -3.3832
v  0.6969 45.4194 -3.4666
v  0.9077 45.7294 -3.3835
v  0.9856 46.0925 -3.2862
v  1.0513 46.0907 -3.2794
v  1.0513 46.0345 -3.0694
v  0.9682 45.6471 -3.1732
v  0.9856 46.0326 -3.0626
v  0.9077 45.6694 -3.1599
v  0.6969 45.3595 -3.2430
v  0.7434 45.3164 -3.2618
v  -0.0000 45.0752 -3.5515
v  0.4010 45.1555 -3.5300
v  -0.0000 45.1405 -3.5413
v  0.3760 45.2158 -3.5211
v  0.4010 45.0992 -3.3200
v  0.3760 45.1558 -3.2975
v  -0.0000 45.0806 -3.3177
v  -0.0000 45.0190 -3.3415
v  -0.7434 45.3727 -3.4718
v  -0.4010 45.1555 -3.5300
v  -0.6969 45.4194 -3.4666
v  -0.3760 45.2158 -3.5211
v  -0.4010 45.0992 -3.3200
v  -0.3760 45.1558 -3.2975
v  -0.6969 45.3595 -3.2430
v  -0.7434 45.3164 -3.2618
v  -1.0513 46.0907 -3.2794
v  -0.9682 45.7033 -3.3832
v  -0.9856 46.0925 -3.2862
v  -0.9077 45.7294 -3.3835
v  -0.9682 45.6471 -3.1732
v  -0.9077 45.6694 -3.1599
v  -0.9856 46.0326 -3.0626
v  -1.0513 46.0345 -3.0694
v  -0.7434 46.8087 -3.0870
v  -0.9682 46.4781 -3.1756
v  -0.6969 46.7657 -3.1058
v  -0.9077 46.4557 -3.1889
v  -0.9682 46.4218 -2.9656
v  -0.9077 46.3958 -2.9653
v  -0.6969 46.7058 -2.8822
v  -0.7434 46.7525 -2.8770
v  0.0000 47.1062 -3.0073
v  -0.4010 47.0259 -3.0288
v  0.0000 47.0445 -3.0311
v  -0.3760 46.9693 -3.0513
v  -0.4010 46.9697 -2.8189
v  -0.3760 46.9094 -2.8277
v  0.0000 46.9846 -2.8075
v  0.0000 47.0499 -2.7974
v  0.7434 46.8087 -3.0870
v  0.4010 47.0259 -3.0288
v  0.6969 46.7657 -3.1058
v  0.3760 46.9693 -3.0513
v  0.4010 46.9697 -2.8189
v  0.3760 46.9094 -2.8277
v  0.6969 46.7058 -2.8822
v  0.7434 46.7525 -2.8770
v  0.9682 46.4781 -3.1756
v  0.9077 46.4557 -3.1889
v  0.9682 46.4218 -2.9656
v  0.9077 46.3958 -2.9653
v  0.0000 46.3542 -4.2626
v  0.0000 45.8798 -4.2526
v  -0.2009 45.8437 -4.2318
v  -0.3222 46.0087 -4.2181
v  0.0000 45.5419 -4.1186
v  -0.2919 45.5812 -4.1004
v  -0.5284 45.7533 -4.0619
v  -0.4851 46.1182 -4.1583
v  -0.4556 46.3199 -4.1347
v  -0.7046 45.9799 -3.9936
v  -0.7473 46.2637 -3.9252
v  -0.4851 46.5063 -4.0543
v  -0.3222 46.6311 -4.0513
v  -0.7046 46.5438 -3.8425
v  -0.5284 46.7742 -3.7884
v  -0.2009 46.7808 -3.9807
v  0.0000 46.7600 -4.0168
v  -0.2919 46.9425 -3.7357
v  0.0000 46.9856 -3.7318
v  0.2009 46.7808 -3.9807
v  0.3222 46.6311 -4.0513
v  0.2919 46.9425 -3.7357
v  0.5284 46.7742 -3.7884
v  0.4851 46.5063 -4.0543
v  0.4556 46.3199 -4.1347
v  0.7046 46.5438 -3.8425
v  0.7473 46.2637 -3.9252
v  0.4851 46.1182 -4.1583
v  0.3222 46.0087 -4.2181
v  0.7046 45.9799 -3.9936
v  0.5284 45.7533 -4.0619
v  0.2009 45.8437 -4.2318
v  0.2919 45.5812 -4.1004
v  0.0000 45.2504 -3.8277
v  -0.3638 45.3231 -3.8082
v  0.0000 45.0610 -3.4372
v  -0.3950 45.1400 -3.4160
v  -0.7322 45.3540 -3.3587
v  -0.6743 45.5202 -3.7554
v  -0.8783 45.8201 -3.6750
v  -0.9536 45.6796 -3.2714
v  -1.0354 46.0612 -3.1692
v  -0.9536 46.1715 -3.5809
v  -0.8783 46.5229 -3.4867
v  -0.9536 46.4427 -3.0669
v  -0.7322 46.7684 -2.9797
v  -0.6743 46.8228 -3.4064
v  -0.3638 47.0199 -3.3536
v  -0.3950 46.9823 -2.9224
v  0.0000 47.0613 -2.9012
v  0.0000 47.0926 -3.3341
v  0.3638 47.0199 -3.3536
v  0.3950 46.9823 -2.9224
v  0.7322 46.7684 -2.9797
v  0.6743 46.8228 -3.4064
v  0.8783 46.5229 -3.4867
v  0.9536 46.4427 -3.0669
v  1.0354 46.0612 -3.1692
v  0.9536 46.1715 -3.5809
v  0.8783 45.8201 -3.6750
v  0.9536 45.6796 -3.2714
v  0.7322 45.3540 -3.3587
v  0.6743 45.5202 -3.7554
v  0.3638 45.3231 -3.8082
v  0.3950 45.1400 -3.4160
v  0.0000 45.0297 -3.0043
v  -0.3638 45.1025 -2.9848
v  0.0000 45.1368 -2.6066
v  -0.2919 45.1799 -2.6027
v  -0.5284 45.3482 -2.5500
v  -0.6743 45.2995 -2.9320
v  -0.8783 45.5995 -2.8516
v  -0.7046 45.5786 -2.4958
v  -0.7473 45.8586 -2.4132
v  -0.9536 45.9509 -2.7575
v  -0.8783 46.3023 -2.6633
v  -0.7046 46.1424 -2.3448
v  -0.5284 46.3690 -2.2764
v  -0.6743 46.6022 -2.5830
v  -0.3638 46.7992 -2.5302
v  -0.2919 46.5411 -2.2379
v  0.0000 46.5805 -2.2198
v  0.0000 46.8720 -2.5107
v  0.3638 46.7992 -2.5302
v  0.2919 46.5411 -2.2379
v  0.5284 46.3690 -2.2764
v  0.6743 46.6022 -2.5830
v  0.8783 46.3023 -2.6633
v  0.7046 46.1424 -2.3448
v  0.7473 45.8586 -2.4132
v  0.9536 45.9509 -2.7575
v  0.8783 45.5995 -2.8516
v  0.7046 45.5786 -2.4958
v  0.5284 45.3482 -2.5500
v  0.6743 45.2995 -2.9320
v  0.3638 45.1025 -2.9848
v  0.2919 45.1799 -2.6027
v  0.0000 45.7682 -2.0758
v  -0.3222 45.4913 -2.2871
v  -0.2009 45.3416 -2.3577
v  0.0000 45.3624 -2.3216
v  -0.4556 45.8025 -2.2037
v  -0.4851 45.6160 -2.2841
v  -0.3222 46.1137 -2.1203
v  -0.4851 46.0042 -2.1801
v  0.0000 46.2426 -2.0858
v  -0.2009 46.2786 -2.1066
v  0.3222 46.1137 -2.1203
v  0.2009 46.2786 -2.1066
v  0.4556 45.8025 -2.2037
v  0.4851 46.0042 -2.1801
v  0.3222 45.4913 -2.2871
v  0.4851 45.6160 -2.2841
v  0.2009 45.3416 -2.3577
# 467 vertices

vt 0.7835 0.0148 0.0000
vt 0.7919 0.0357 0.0000
vt 0.7832 0.0374 0.0000
vt 0.6685 0.0133 0.0000
vt 0.6649 0.0357 0.0000
vt 0.6565 0.0327 0.0000
vt 0.6813 0.0159 0.0000
vt 0.6823 0.0387 0.0000
vt 0.6735 0.0374 0.0000
vt 0.6977 0.0167 0.0000
vt 0.7005 0.0399 0.0000
vt 0.6914 0.0393 0.0000
vt 0.7155 0.0168 0.0000
vt 0.7190 0.0404 0.0000
vt 0.7097 0.0400 0.0000
vt 0.7336 0.0168 0.0000
vt 0.7377 0.0404 0.0000
vt 0.7284 0.0402 0.0000
vt 0.7515 0.0167 0.0000
vt 0.7563 0.0399 0.0000
vt 0.7470 0.0400 0.0000
vt 0.7686 0.0163 0.0000
vt 0.7744 0.0387 0.0000
vt 0.7654 0.0393 0.0000
vt 0.8022 0.0361 0.0000
vt 0.7928 0.0392 0.0000
vt 0.8002 0.0327 0.0000
vt 0.7839 0.0411 0.0000
vt 0.6729 0.0411 0.0000
vt 0.6639 0.0392 0.0000
vt 0.6545 0.0361 0.0000
vt 0.6911 0.0431 0.0000
vt 0.6820 0.0422 0.0000
vt 0.7096 0.0439 0.0000
vt 0.7003 0.0435 0.0000
vt 0.7284 0.0442 0.0000
vt 0.7190 0.0440 0.0000
vt 0.7471 0.0439 0.0000
vt 0.7378 0.0440 0.0000
vt 0.7656 0.0431 0.0000
vt 0.7564 0.0435 0.0000
vt 0.7748 0.0422 0.0000
vt 0.7936 0.0420 0.0000
vt 0.7843 0.0440 0.0000
vt 0.8034 0.0392 0.0000
vt 0.8059 0.0510 0.0000
vt 0.7958 0.0528 0.0000
vt 0.7859 0.0543 0.0000
vt 0.6632 0.0420 0.0000
vt 0.6533 0.0392 0.0000
vt 0.6724 0.0440 0.0000
vt 0.6708 0.0543 0.0000
vt 0.6609 0.0528 0.0000
vt 0.6508 0.0510 0.0000
vt 0.6817 0.0451 0.0000
vt 0.6909 0.0460 0.0000
vt 0.6901 0.0563 0.0000
vt 0.6805 0.0555 0.0000
vt 0.7002 0.0464 0.0000
vt 0.7096 0.0469 0.0000
vt 0.7092 0.0573 0.0000
vt 0.6997 0.0569 0.0000
vt 0.7190 0.0470 0.0000
vt 0.7284 0.0471 0.0000
vt 0.7284 0.0575 0.0000
vt 0.7188 0.0575 0.0000
vt 0.7378 0.0470 0.0000
vt 0.7472 0.0469 0.0000
vt 0.7475 0.0573 0.0000
vt 0.7379 0.0575 0.0000
vt 0.7565 0.0464 0.0000
vt 0.7659 0.0460 0.0000
vt 0.7666 0.0563 0.0000
vt 0.7571 0.0569 0.0000
vt 0.7751 0.0451 0.0000
vt 0.7762 0.0555 0.0000
vt 0.8091 0.2509 0.0000
vt 0.7976 0.2516 0.0000
vt 0.6477 0.2509 0.0000
vt 0.6361 0.2501 0.0000
vt 0.6707 0.2521 0.0000
vt 0.6592 0.2516 0.0000
vt 0.6938 0.2530 0.0000
vt 0.6823 0.2526 0.0000
vt 0.7168 0.2534 0.0000
vt 0.7053 0.2532 0.0000
vt 0.7399 0.2534 0.0000
vt 0.7284 0.2534 0.0000
vt 0.7630 0.2530 0.0000
vt 0.7514 0.2532 0.0000
vt 0.7860 0.2521 0.0000
vt 0.7745 0.2526 0.0000
vt 0.8114 0.2900 0.0000
vt 0.7996 0.2907 0.0000
vt 0.8206 0.2501 0.0000
vt 0.8233 0.2893 0.0000
vt 0.6453 0.2900 0.0000
vt 0.6335 0.2893 0.0000
vt 0.6572 0.2907 0.0000
vt 0.6690 0.2912 0.0000
vt 0.6809 0.2917 0.0000
vt 0.6928 0.2921 0.0000
vt 0.7046 0.2923 0.0000
vt 0.7165 0.2925 0.0000
vt 0.7284 0.2926 0.0000
vt 0.7402 0.2925 0.0000
vt 0.7521 0.2923 0.0000
vt 0.7640 0.2921 0.0000
vt 0.7759 0.2917 0.0000
vt 0.7877 0.2912 0.0000
vt 0.8276 0.5570 0.0000
vt 0.8405 0.5502 0.0000
vt 0.8408 0.5507 0.0000
vt 0.8279 0.5575 0.0000
vt 0.8548 0.5436 0.0000
vt 0.8550 0.5443 0.0000
vt 0.8602 0.5606 0.0000
vt 0.8474 0.5656 0.0000
vt 0.8348 0.5721 0.0000
vt 0.6479 0.5436 0.0000
vt 0.6622 0.5502 0.0000
vt 0.6619 0.5507 0.0000
vt 0.6478 0.5443 0.0000
vt 0.6751 0.5570 0.0000
vt 0.6748 0.5575 0.0000
vt 0.6679 0.5721 0.0000
vt 0.6553 0.5656 0.0000
vt 0.6425 0.5606 0.0000
vt 0.6874 0.5629 0.0000
vt 0.6872 0.5634 0.0000
vt 0.6998 0.5678 0.0000
vt 0.6996 0.5683 0.0000
vt 0.6943 0.5836 0.0000
vt 0.6811 0.5777 0.0000
vt 0.7124 0.5717 0.0000
vt 0.7123 0.5722 0.0000
vt 0.7252 0.5745 0.0000
vt 0.7251 0.5750 0.0000
vt 0.7224 0.5910 0.0000
vt 0.7083 0.5872 0.0000
vt 0.7382 0.5762 0.0000
vt 0.7382 0.5767 0.0000
vt 0.7513 0.5767 0.0000
vt 0.7513 0.5773 0.0000
vt 0.7513 0.5935 0.0000
vt 0.7368 0.5922 0.0000
vt 0.7645 0.5762 0.0000
vt 0.7645 0.5767 0.0000
vt 0.7775 0.5745 0.0000
vt 0.7776 0.5750 0.0000
vt 0.7803 0.5910 0.0000
vt 0.7658 0.5922 0.0000
vt 0.7903 0.5717 0.0000
vt 0.7904 0.5722 0.0000
vt 0.8029 0.5678 0.0000
vt 0.8031 0.5683 0.0000
vt 0.8084 0.5836 0.0000
vt 0.7944 0.5872 0.0000
vt 0.8153 0.5629 0.0000
vt 0.8155 0.5634 0.0000
vt 0.8216 0.5777 0.0000
vt 0.8316 0.5184 0.0000
vt 0.8335 0.5194 0.0000
vt 0.8252 0.5289 0.0000
vt 0.8237 0.5274 0.0000
vt 0.8352 0.5204 0.0000
vt 0.8264 0.5302 0.0000
vt 0.8166 0.5375 0.0000
vt 0.8156 0.5361 0.0000
vt 0.8145 0.5344 0.0000
vt 0.6882 0.5344 0.0000
vt 0.6871 0.5361 0.0000
vt 0.6775 0.5289 0.0000
vt 0.6790 0.5274 0.0000
vt 0.6861 0.5375 0.0000
vt 0.6763 0.5302 0.0000
vt 0.6675 0.5204 0.0000
vt 0.6692 0.5194 0.0000
vt 0.6711 0.5184 0.0000
vt 0.7083 0.5441 0.0000
vt 0.7076 0.5460 0.0000
vt 0.6972 0.5416 0.0000
vt 0.6980 0.5398 0.0000
vt 0.7070 0.5475 0.0000
vt 0.6964 0.5431 0.0000
vt 0.7295 0.5498 0.0000
vt 0.7292 0.5517 0.0000
vt 0.7183 0.5493 0.0000
vt 0.7188 0.5474 0.0000
vt 0.7289 0.5533 0.0000
vt 0.7179 0.5509 0.0000
vt 0.7513 0.5516 0.0000
vt 0.7513 0.5536 0.0000
vt 0.7402 0.5531 0.0000
vt 0.7404 0.5512 0.0000
vt 0.7513 0.5552 0.0000
vt 0.7401 0.5547 0.0000
vt 0.7732 0.5498 0.0000
vt 0.7735 0.5517 0.0000
vt 0.7625 0.5531 0.0000
vt 0.7623 0.5512 0.0000
vt 0.7738 0.5533 0.0000
vt 0.7626 0.5547 0.0000
vt 0.7944 0.5441 0.0000
vt 0.7951 0.5460 0.0000
vt 0.7844 0.5493 0.0000
vt 0.7839 0.5474 0.0000
vt 0.7957 0.5475 0.0000
vt 0.7848 0.5509 0.0000
vt 0.8055 0.5416 0.0000
vt 0.8047 0.5398 0.0000
vt 0.8063 0.5431 0.0000
vt 0.8365 0.5211 0.0000
vt 0.8273 0.5312 0.0000
vt 0.8375 0.5218 0.0000
vt 0.8280 0.5320 0.0000
vt 0.8178 0.5395 0.0000
vt 0.8172 0.5386 0.0000
vt 0.6855 0.5386 0.0000
vt 0.6754 0.5312 0.0000
vt 0.6849 0.5395 0.0000
vt 0.6747 0.5320 0.0000
vt 0.6652 0.5218 0.0000
vt 0.6662 0.5211 0.0000
vt 0.7066 0.5486 0.0000
vt 0.6959 0.5442 0.0000
vt 0.7063 0.5496 0.0000
vt 0.6955 0.5450 0.0000
vt 0.7287 0.5545 0.0000
vt 0.7176 0.5520 0.0000
vt 0.7285 0.5554 0.0000
vt 0.7173 0.5529 0.0000
vt 0.7513 0.5564 0.0000
vt 0.7400 0.5559 0.0000
vt 0.7513 0.5574 0.0000
vt 0.7399 0.5568 0.0000
vt 0.7740 0.5545 0.0000
vt 0.7627 0.5559 0.0000
vt 0.7742 0.5554 0.0000
vt 0.7628 0.5568 0.0000
vt 0.7961 0.5486 0.0000
vt 0.7851 0.5520 0.0000
vt 0.7964 0.5496 0.0000
vt 0.7854 0.5529 0.0000
vt 0.8068 0.5442 0.0000
vt 0.8072 0.5450 0.0000
vt 0.8387 0.5227 0.0000
vt 0.8289 0.5330 0.0000
vt 0.8547 0.5431 0.0000
vt 0.8403 0.5498 0.0000
vt 0.8185 0.5406 0.0000
vt 0.8274 0.5566 0.0000
vt 0.6842 0.5406 0.0000
vt 0.6738 0.5331 0.0000
vt 0.6753 0.5566 0.0000
vt 0.6624 0.5498 0.0000
vt 0.6640 0.5227 0.0000
vt 0.6480 0.5431 0.0000
vt 0.7059 0.5507 0.0000
vt 0.6950 0.5462 0.0000
vt 0.6999 0.5674 0.0000
vt 0.6876 0.5625 0.0000
vt 0.7283 0.5566 0.0000
vt 0.7170 0.5541 0.0000
vt 0.7253 0.5741 0.0000
vt 0.7125 0.5713 0.0000
vt 0.7513 0.5586 0.0000
vt 0.7398 0.5580 0.0000
vt 0.7513 0.5763 0.0000
vt 0.7383 0.5758 0.0000
vt 0.7744 0.5566 0.0000
vt 0.7629 0.5580 0.0000
vt 0.7774 0.5741 0.0000
vt 0.7644 0.5758 0.0000
vt 0.7968 0.5507 0.0000
vt 0.7857 0.5541 0.0000
vt 0.8028 0.5674 0.0000
vt 0.7902 0.5713 0.0000
vt 0.8077 0.5462 0.0000
vt 0.8151 0.5625 0.0000
vt 0.6799 0.3270 0.0000
vt 0.6799 0.3197 0.0000
vt 0.6994 0.3197 0.0000
vt 0.6994 0.3270 0.0000
vt 0.7190 0.3197 0.0000
vt 0.7190 0.3270 0.0000
vt 0.6396 0.3275 0.0000
vt 0.6395 0.3194 0.0000
vt 0.6603 0.3197 0.0000
vt 0.6602 0.3271 0.0000
vt 0.9150 0.3271 0.0000
vt 0.9150 0.3198 0.0000
vt 0.9347 0.3198 0.0000
vt 0.9346 0.3272 0.0000
vt 0.9554 0.3194 0.0000
vt 0.9554 0.3275 0.0000
vt 0.8757 0.3271 0.0000
vt 0.8757 0.3198 0.0000
vt 0.8954 0.3198 0.0000
vt 0.8953 0.3271 0.0000
vt 0.8365 0.3271 0.0000
vt 0.8365 0.3197 0.0000
vt 0.8561 0.3197 0.0000
vt 0.8561 0.3271 0.0000
vt 0.7973 0.3270 0.0000
vt 0.7973 0.3197 0.0000
vt 0.8169 0.3197 0.0000
vt 0.8169 0.3271 0.0000
vt 0.7581 0.3270 0.0000
vt 0.7582 0.3197 0.0000
vt 0.7777 0.3197 0.0000
vt 0.7777 0.3270 0.0000
vt 0.7386 0.3197 0.0000
vt 0.7386 0.3270 0.0000
vt 0.6799 0.3182 0.0000
vt 0.6994 0.3181 0.0000
vt 0.6799 0.3148 0.0000
vt 0.6994 0.3149 0.0000
vt 0.7190 0.3148 0.0000
vt 0.7190 0.3182 0.0000
vt 0.7190 0.3285 0.0000
vt 0.6994 0.3287 0.0000
vt 0.7190 0.3320 0.0000
vt 0.6994 0.3318 0.0000
vt 0.6799 0.3320 0.0000
vt 0.6799 0.3285 0.0000
vt 0.6396 0.3177 0.0000
vt 0.6603 0.3181 0.0000
vt 0.6404 0.3142 0.0000
vt 0.6603 0.3149 0.0000
vt 0.6603 0.3287 0.0000
vt 0.6603 0.3319 0.0000
vt 0.6405 0.3326 0.0000
vt 0.6396 0.3291 0.0000
vt 0.9150 0.3183 0.0000
vt 0.9346 0.3182 0.0000
vt 0.9150 0.3148 0.0000
vt 0.9346 0.3149 0.0000
vt 0.9545 0.3142 0.0000
vt 0.9553 0.3177 0.0000
vt 0.9554 0.3292 0.0000
vt 0.9346 0.3288 0.0000
vt 0.9546 0.3327 0.0000
vt 0.9346 0.3320 0.0000
vt 0.9150 0.3321 0.0000
vt 0.9150 0.3287 0.0000
vt 0.8757 0.3182 0.0000
vt 0.8954 0.3181 0.0000
vt 0.8757 0.3148 0.0000
vt 0.8954 0.3150 0.0000
vt 0.8953 0.3288 0.0000
vt 0.8953 0.3319 0.0000
vt 0.8757 0.3321 0.0000
vt 0.8757 0.3286 0.0000
vt 0.8365 0.3182 0.0000
vt 0.8561 0.3181 0.0000
vt 0.8365 0.3148 0.0000
vt 0.8561 0.3149 0.0000
vt 0.8561 0.3287 0.0000
vt 0.8561 0.3319 0.0000
vt 0.8365 0.3320 0.0000
vt 0.8365 0.3286 0.0000
vt 0.7973 0.3182 0.0000
vt 0.8169 0.3181 0.0000
vt 0.7973 0.3148 0.0000
vt 0.8169 0.3149 0.0000
vt 0.8169 0.3287 0.0000
vt 0.8169 0.3319 0.0000
vt 0.7973 0.3320 0.0000
vt 0.7973 0.3286 0.0000
vt 0.7582 0.3182 0.0000
vt 0.7777 0.3181 0.0000
vt 0.7582 0.3148 0.0000
vt 0.7777 0.3149 0.0000
vt 0.7777 0.3287 0.0000
vt 0.7777 0.3318 0.0000
vt 0.7581 0.3320 0.0000
vt 0.7581 0.3285 0.0000
vt 0.7386 0.3181 0.0000
vt 0.7386 0.3149 0.0000
vt 0.7386 0.3287 0.0000
vt 0.7386 0.3318 0.0000
vt 0.7883 0.0133 0.0000
vt 0.6732 0.0148 0.0000
vt 0.6881 0.0163 0.0000
vt 0.7052 0.0167 0.0000
vt 0.7232 0.0168 0.0000
vt 0.7413 0.0168 0.0000
vt 0.7590 0.0167 0.0000
vt 0.7754 0.0159 0.0000
vt 0.7244 0.4242 0.0000
vt 0.7244 0.4401 0.0000
vt 0.7173 0.4414 0.0000
vt 0.7131 0.4355 0.0000
vt 0.7244 0.4533 0.0000
vt 0.7129 0.4519 0.0000
vt 0.7038 0.4448 0.0000
vt 0.7073 0.4313 0.0000
vt 0.7085 0.4242 0.0000
vt 0.6967 0.4357 0.0000
vt 0.6953 0.4242 0.0000
vt 0.7073 0.4172 0.0000
vt 0.7131 0.4130 0.0000
vt 0.6967 0.4128 0.0000
vt 0.7038 0.4037 0.0000
vt 0.7173 0.4071 0.0000
vt 0.7244 0.4084 0.0000
vt 0.7129 0.3966 0.0000
vt 0.7244 0.3951 0.0000
vt 0.7315 0.4071 0.0000
vt 0.7356 0.4130 0.0000
vt 0.7358 0.3966 0.0000
vt 0.7450 0.4037 0.0000
vt 0.7415 0.4172 0.0000
vt 0.7403 0.4242 0.0000
vt 0.7520 0.4128 0.0000
vt 0.7535 0.4242 0.0000
vt 0.7415 0.4313 0.0000
vt 0.7356 0.4355 0.0000
vt 0.7520 0.4357 0.0000
vt 0.7450 0.4448 0.0000
vt 0.7315 0.4414 0.0000
vt 0.7358 0.4519 0.0000
vt 0.7244 0.4718 0.0000
vt 0.7064 0.4677 0.0000
vt 0.7244 0.4976 0.0000
vt 0.6960 0.4928 0.0000
vt 0.6725 0.4761 0.0000
vt 0.6907 0.4579 0.0000
vt 0.6809 0.4422 0.0000
vt 0.6559 0.4526 0.0000
vt 0.6510 0.4242 0.0000
vt 0.6768 0.4242 0.0000
vt 0.6809 0.4063 0.0000
vt 0.6559 0.3959 0.0000
vt 0.6725 0.3724 0.0000
vt 0.6907 0.3906 0.0000
vt 0.7064 0.3808 0.0000
vt 0.6960 0.3557 0.0000
vt 0.7244 0.3509 0.0000
vt 0.7244 0.3767 0.0000
vt 0.7424 0.3808 0.0000
vt 0.7528 0.3557 0.0000
vt 0.7762 0.3724 0.0000
vt 0.7580 0.3906 0.0000
vt 0.7678 0.4063 0.0000
vt 0.7929 0.3959 0.0000
vt 0.7977 0.4242 0.0000
vt 0.7720 0.4242 0.0000
vt 0.7678 0.4422 0.0000
vt 0.7929 0.4526 0.0000
vt 0.7762 0.4761 0.0000
vt 0.7580 0.4579 0.0000
vt 0.7424 0.4677 0.0000
vt 0.7528 0.4928 0.0000
vt 0.9096 0.3511 0.0000
vt 0.9096 0.3769 0.0000
vt 0.8916 0.3810 0.0000
vt 0.8812 0.3559 0.0000
vt 0.9096 0.3953 0.0000
vt 0.8981 0.3968 0.0000
vt 0.8890 0.4039 0.0000
vt 0.8759 0.3908 0.0000
vt 0.8577 0.3726 0.0000
vt 0.8661 0.4065 0.0000
vt 0.8410 0.3961 0.0000
vt 0.8819 0.4130 0.0000
vt 0.8805 0.4244 0.0000
vt 0.8620 0.4244 0.0000
vt 0.8362 0.4244 0.0000
vt 0.8661 0.4424 0.0000
vt 0.8410 0.4528 0.0000
vt 0.8819 0.4359 0.0000
vt 0.8890 0.4450 0.0000
vt 0.8759 0.4581 0.0000
vt 0.8577 0.4763 0.0000
vt 0.8916 0.4679 0.0000
vt 0.8812 0.4930 0.0000
vt 0.8981 0.4521 0.0000
vt 0.9096 0.4535 0.0000
vt 0.9096 0.4720 0.0000
vt 0.9096 0.4978 0.0000
vt 0.9275 0.4679 0.0000
vt 0.9379 0.4930 0.0000
vt 0.9210 0.4521 0.0000
vt 0.9301 0.4450 0.0000
vt 0.9432 0.4581 0.0000
vt 0.9614 0.4763 0.0000
vt 0.9530 0.4424 0.0000
vt 0.9781 0.4528 0.0000
vt 0.9372 0.4359 0.0000
vt 0.9387 0.4244 0.0000
vt 0.9572 0.4244 0.0000
vt 0.9829 0.4244 0.0000
vt 0.9530 0.4065 0.0000
vt 0.9781 0.3961 0.0000
vt 0.9372 0.4130 0.0000
vt 0.9301 0.4039 0.0000
vt 0.9432 0.3908 0.0000
vt 0.9614 0.3726 0.0000
vt 0.9275 0.3810 0.0000
vt 0.9379 0.3559 0.0000
vt 0.9210 0.3968 0.0000
vt 0.9096 0.4244 0.0000
vt 0.8983 0.4132 0.0000
vt 0.9025 0.4073 0.0000
vt 0.9096 0.4086 0.0000
vt 0.8937 0.4244 0.0000
vt 0.8924 0.4174 0.0000
vt 0.8983 0.4357 0.0000
vt 0.8924 0.4315 0.0000
vt 0.9096 0.4403 0.0000
vt 0.9025 0.4416 0.0000
vt 0.9208 0.4357 0.0000
vt 0.9166 0.4416 0.0000
vt 0.9254 0.4244 0.0000
vt 0.9267 0.4315 0.0000
vt 0.9208 0.4132 0.0000
vt 0.9267 0.4174 0.0000
vt 0.9166 0.4073 0.0000
# 520 texture coords

o MicStand_Mike
g MicStand_Mike
usemtl MicStand_mtl
s 1
f 1516/1817 1517/1818 1518/1819 
f 1516/1820 1519/1821 1520/1822 
f 1516/1823 1521/1824 1522/1825 
f 1516/1826 1523/1827 1524/1828 
f 1516/1829 1525/1830 1526/1831 
f 1516/1832 1527/1833 1528/1834 
f 1516/1835 1529/1836 1530/1837 
f 1516/1838 1531/1839 1532/1840 
f 1533/1841 1534/1842 1517/1818 1520/1843 
f 1535/1844 1518/1819 1517/1818 1534/1842 
f 1536/1845 1537/1846 1519/1821 1522/1825 
f 1533/1847 1520/1822 1519/1821 1537/1846 
f 1538/1848 1539/1849 1521/1824 1524/1828 
f 1536/1845 1522/1825 1521/1824 1539/1849 
f 1540/1850 1541/1851 1523/1827 1526/1831 
f 1538/1848 1524/1828 1523/1827 1541/1851 
f 1542/1852 1543/1853 1525/1830 1528/1834 
f 1540/1850 1526/1831 1525/1830 1543/1853 
f 1544/1854 1545/1855 1527/1833 1530/1837 
f 1542/1852 1528/1834 1527/1833 1545/1855 
f 1546/1856 1547/1857 1529/1836 1532/1840 
f 1544/1854 1530/1837 1529/1836 1547/1857 
f 1535/1844 1548/1858 1531/1839 1518/1819 
f 1546/1856 1532/1840 1531/1839 1548/1858 
f 1535/1844 1534/1842 1549/1859 1550/1860 
f 1533/1841 1551/1861 1549/1859 1534/1842 
f 1552/1862 1553/1863 1549/1859 1551/1861 
f 1554/1864 1550/1860 1549/1859 1553/1863 
f 1533/1847 1537/1846 1555/1865 1551/1866 
f 1536/1845 1556/1867 1555/1865 1537/1846 
f 1557/1868 1558/1869 1555/1865 1556/1867 
f 1552/1870 1551/1866 1555/1865 1558/1869 
f 1536/1845 1539/1849 1559/1871 1556/1867 
f 1538/1848 1560/1872 1559/1871 1539/1849 
f 1561/1873 1562/1874 1559/1871 1560/1872 
f 1557/1868 1556/1867 1559/1871 1562/1874 
f 1538/1848 1541/1851 1563/1875 1560/1872 
f 1540/1850 1564/1876 1563/1875 1541/1851 
f 1565/1877 1566/1878 1563/1875 1564/1876 
f 1561/1873 1560/1872 1563/1875 1566/1878 
f 1540/1850 1543/1853 1567/1879 1564/1876 
f 1542/1852 1568/1880 1567/1879 1543/1853 
f 1569/1881 1570/1882 1567/1879 1568/1880 
f 1565/1877 1564/1876 1567/1879 1570/1882 
f 1542/1852 1545/1855 1571/1883 1568/1880 
f 1544/1854 1572/1884 1571/1883 1545/1855 
f 1573/1885 1574/1886 1571/1883 1572/1884 
f 1569/1881 1568/1880 1571/1883 1574/1886 
f 1544/1854 1547/1857 1575/1887 1572/1884 
f 1546/1856 1576/1888 1575/1887 1547/1857 
f 1577/1889 1578/1890 1575/1887 1576/1888 
f 1573/1885 1572/1884 1575/1887 1578/1890 
f 1546/1856 1548/1858 1579/1891 1576/1888 
f 1535/1844 1550/1860 1579/1891 1548/1858 
f 1554/1864 1580/1892 1579/1891 1550/1860 
f 1577/1889 1576/1888 1579/1891 1580/1892 
f 1554/1864 1553/1863 1581/1893 1582/1894 
f 1552/1870 1558/1869 1583/1895 1584/1896 
f 1557/1868 1562/1874 1585/1897 1586/1898 
f 1561/1873 1566/1878 1587/1899 1588/1900 
f 1565/1877 1570/1882 1589/1901 1590/1902 
f 1569/1881 1574/1886 1591/1903 1592/1904 
f 1573/1885 1578/1890 1593/1905 1594/1906 
f 1577/1889 1580/1892 1595/1907 1596/1908 
f 1582/1894 1581/1893 1597/1909 1598/1910 
f 1584/1911 1599/1912 1597/1909 1581/1893 
f 1584/1896 1583/1895 1600/1913 1599/1914 
f 1586/1898 1601/1915 1600/1913 1583/1895 
f 1586/1898 1585/1897 1602/1916 1601/1915 
f 1588/1900 1603/1917 1602/1916 1585/1897 
f 1588/1900 1587/1899 1604/1918 1603/1917 
f 1590/1902 1605/1919 1604/1918 1587/1899 
f 1590/1902 1589/1901 1606/1920 1605/1919 
f 1592/1904 1607/1921 1606/1920 1589/1901 
f 1592/1904 1591/1903 1608/1922 1607/1921 
f 1594/1906 1609/1923 1608/1922 1591/1903 
f 1594/1906 1593/1905 1610/1924 1609/1923 
f 1596/1908 1611/1925 1610/1924 1593/1905 
f 1596/1908 1595/1907 1612/1926 1611/1925 
f 1582/1894 1598/1910 1612/1926 1595/1907 
f 1552/1862 1584/1911 1581/1893 1553/1863 
f 1557/1868 1586/1898 1583/1895 1558/1869 
f 1561/1873 1588/1900 1585/1897 1562/1874 
f 1565/1877 1590/1902 1587/1899 1566/1878 
f 1569/1881 1592/1904 1589/1901 1570/1882 
f 1573/1885 1594/1906 1591/1903 1574/1886 
f 1577/1889 1596/1908 1593/1905 1578/1890 
f 1554/1864 1582/1894 1595/1907 1580/1892 
f 1613/1927 1614/1928 1615/1929 1616/1930 
f 1617/1931 1618/1932 1615/1929 1614/1928 
s 2
f 1619/1933 1620/1934 1615/1929 1618/1932 
f 1621/1935 1616/1930 1615/1929 1620/1934 
s 1
f 1617/1936 1622/1937 1623/1938 1618/1939 
f 1624/1940 1625/1941 1623/1938 1622/1937 
s 2
f 1626/1942 1627/1943 1623/1938 1625/1941 
f 1619/1944 1618/1939 1623/1938 1627/1943 
s 1
f 1624/1940 1628/1945 1629/1946 1625/1941 
f 1630/1947 1631/1948 1629/1946 1628/1945 
s 2
f 1632/1949 1633/1950 1629/1946 1631/1948 
f 1626/1942 1625/1941 1629/1946 1633/1950 
s 1
f 1630/1947 1634/1951 1635/1952 1631/1948 
f 1636/1953 1637/1954 1635/1952 1634/1951 
s 2
f 1638/1955 1639/1956 1635/1952 1637/1954 
f 1632/1949 1631/1948 1635/1952 1639/1956 
s 1
f 1636/1953 1640/1957 1641/1958 1637/1954 
f 1642/1959 1643/1960 1641/1958 1640/1957 
s 2
f 1644/1961 1645/1962 1641/1958 1643/1960 
f 1638/1955 1637/1954 1641/1958 1645/1962 
s 1
f 1642/1959 1646/1963 1647/1964 1643/1960 
f 1648/1965 1649/1966 1647/1964 1646/1963 
s 2
f 1650/1967 1651/1968 1647/1964 1649/1966 
f 1644/1961 1643/1960 1647/1964 1651/1968 
s 1
f 1648/1965 1652/1969 1653/1970 1649/1966 
f 1654/1971 1655/1972 1653/1970 1652/1969 
s 2
f 1656/1973 1657/1974 1653/1970 1655/1972 
f 1650/1967 1649/1966 1653/1970 1657/1974 
s 1
f 1654/1971 1658/1975 1659/1976 1655/1972 
f 1613/1927 1616/1930 1659/1976 1658/1975 
s 2
f 1621/1935 1660/1977 1659/1976 1616/1930 
f 1656/1973 1655/1972 1659/1976 1660/1977 
f 1661/1978 1662/1979 1663/1980 1664/1981 
f 1665/1982 1666/1983 1663/1980 1662/1979 
f 1667/1984 1668/1985 1663/1980 1666/1983 
f 1669/1986 1664/1981 1663/1980 1668/1985 
f 1670/1987 1671/1988 1672/1989 1673/1990 
f 1674/1991 1675/1992 1672/1989 1671/1988 
f 1665/1993 1662/1994 1672/1989 1675/1992 
f 1661/1995 1673/1990 1672/1989 1662/1994 
f 1676/1996 1677/1997 1678/1998 1679/1999 
f 1680/2000 1681/2001 1678/1998 1677/1997 
f 1674/1991 1671/1988 1678/1998 1681/2001 
f 1670/1987 1679/1999 1678/1998 1671/1988 
f 1682/2002 1683/2003 1684/2004 1685/2005 
f 1686/2006 1687/2007 1684/2004 1683/2003 
f 1680/2000 1677/1997 1684/2004 1687/2007 
f 1676/1996 1685/2005 1684/2004 1677/1997 
f 1688/2008 1689/2009 1690/2010 1691/2011 
f 1692/2012 1693/2013 1690/2010 1689/2009 
f 1686/2006 1683/2003 1690/2010 1693/2013 
f 1682/2002 1691/2011 1690/2010 1683/2003 
f 1694/2014 1695/2015 1696/2016 1697/2017 
f 1698/2018 1699/2019 1696/2016 1695/2015 
f 1692/2012 1689/2009 1696/2016 1699/2019 
f 1688/2008 1697/2017 1696/2016 1689/2009 
f 1700/2020 1701/2021 1702/2022 1703/2023 
f 1704/2024 1705/2025 1702/2022 1701/2021 
f 1698/2018 1695/2015 1702/2022 1705/2025 
f 1694/2014 1703/2023 1702/2022 1695/2015 
f 1669/1986 1668/1985 1706/2026 1707/2027 
f 1667/1984 1708/2028 1706/2026 1668/1985 
f 1704/2024 1701/2021 1706/2026 1708/2028 
f 1700/2020 1707/2027 1706/2026 1701/2021 
s 3
f 1665/1982 1709/2029 1710/2030 1666/1983 
f 1711/2031 1712/2032 1710/2030 1709/2029 
f 1713/2033 1714/2034 1710/2030 1712/2032 
f 1667/1984 1666/1983 1710/2030 1714/2034 
f 1674/1991 1715/2035 1716/2036 1675/1992 
f 1717/2037 1718/2038 1716/2036 1715/2035 
f 1711/2039 1709/2040 1716/2036 1718/2038 
f 1665/1993 1675/1992 1716/2036 1709/2040 
f 1680/2000 1719/2041 1720/2042 1681/2001 
f 1721/2043 1722/2044 1720/2042 1719/2041 
f 1717/2037 1715/2035 1720/2042 1722/2044 
f 1674/1991 1681/2001 1720/2042 1715/2035 
f 1686/2006 1723/2045 1724/2046 1687/2007 
f 1725/2047 1726/2048 1724/2046 1723/2045 
f 1721/2043 1719/2041 1724/2046 1726/2048 
f 1680/2000 1687/2007 1724/2046 1719/2041 
f 1692/2012 1727/2049 1728/2050 1693/2013 
f 1729/2051 1730/2052 1728/2050 1727/2049 
f 1725/2047 1723/2045 1728/2050 1730/2052 
f 1686/2006 1693/2013 1728/2050 1723/2045 
f 1698/2018 1731/2053 1732/2054 1699/2019 
f 1733/2055 1734/2056 1732/2054 1731/2053 
f 1729/2051 1727/2049 1732/2054 1734/2056 
f 1692/2012 1699/2019 1732/2054 1727/2049 
f 1704/2024 1735/2057 1736/2058 1705/2025 
f 1737/2059 1738/2060 1736/2058 1735/2057 
f 1733/2055 1731/2053 1736/2058 1738/2060 
f 1698/2018 1705/2025 1736/2058 1731/2053 
f 1667/1984 1714/2034 1739/2061 1708/2028 
f 1713/2033 1740/2062 1739/2061 1714/2034 
f 1737/2059 1735/2057 1739/2061 1740/2062 
f 1704/2024 1708/2028 1739/2061 1735/2057 
s 1
f 1711/2031 1741/2063 1742/2064 1712/2032 
f 1743/2065 1744/2066 1742/2064 1741/2063 
f 1745/2067 1742/2064 1744/2066 1746/2068 
f 1713/2033 1712/2032 1742/2064 1745/2067 
f 1717/2037 1747/2069 1748/2070 1718/2038 
f 1749/2071 1750/2072 1748/2070 1747/2069 
f 1741/2073 1748/2070 1750/2072 1743/2074 
f 1711/2039 1718/2038 1748/2070 1741/2073 
f 1721/2043 1751/2075 1752/2076 1722/2044 
f 1753/2077 1754/2078 1752/2076 1751/2075 
f 1747/2069 1752/2076 1754/2078 1749/2071 
f 1717/2037 1722/2044 1752/2076 1747/2069 
f 1725/2047 1755/2079 1756/2080 1726/2048 
f 1757/2081 1758/2082 1756/2080 1755/2079 
f 1751/2075 1756/2080 1758/2082 1753/2077 
f 1721/2043 1726/2048 1756/2080 1751/2075 
f 1729/2051 1759/2083 1760/2084 1730/2052 
f 1761/2085 1762/2086 1760/2084 1759/2083 
f 1755/2079 1760/2084 1762/2086 1757/2081 
f 1725/2047 1730/2052 1760/2084 1755/2079 
f 1733/2055 1763/2087 1764/2088 1734/2056 
f 1765/2089 1766/2090 1764/2088 1763/2087 
f 1759/2083 1764/2088 1766/2090 1761/2085 
f 1729/2051 1734/2056 1764/2088 1759/2083 
f 1737/2059 1767/2091 1768/2092 1738/2060 
f 1769/2093 1770/2094 1768/2092 1767/2091 
f 1763/2087 1768/2092 1770/2094 1765/2089 
f 1733/2055 1738/2060 1768/2092 1763/2087 
f 1713/2033 1745/2067 1771/2095 1740/2062 
f 1746/2068 1772/2096 1771/2095 1745/2067 
f 1767/2091 1771/2095 1772/2096 1769/2093 
f 1737/2059 1740/2062 1771/2095 1767/2091 
f 1617/1931 1614/1928 1744/2066 1743/2065 
f 1613/1927 1746/2068 1744/2066 1614/1928 
f 1624/1940 1622/1937 1750/2072 1749/2071 
f 1617/1936 1743/2074 1750/2072 1622/1937 
f 1630/1947 1628/1945 1754/2078 1753/2077 
f 1624/1940 1749/2071 1754/2078 1628/1945 
f 1636/1953 1634/1951 1758/2082 1757/2081 
f 1630/1947 1753/2077 1758/2082 1634/1951 
f 1642/1959 1640/1957 1762/2086 1761/2085 
f 1636/1953 1757/2081 1762/2086 1640/1957 
f 1648/1965 1646/1963 1766/2090 1765/2089 
f 1642/1959 1761/2085 1766/2090 1646/1963 
f 1654/1971 1652/1969 1770/2094 1769/2093 
f 1648/1965 1765/2089 1770/2094 1652/1969 
f 1613/1927 1658/1975 1772/2096 1746/2068 
f 1654/1971 1769/2093 1772/2096 1658/1975 
s 2
f 1773/2097 1774/2098 1775/2099 1776/2100 
f 1777/2101 1778/2102 1776/2100 1775/2099 
f 1779/2103 1780/2104 1781/2105 1782/2106 
f 1774/2098 1773/2097 1782/2106 1781/2105 
f 1783/2107 1784/2108 1785/2109 1786/2110 
f 1780/2111 1779/2112 1786/2110 1785/2109 
f 1787/2113 1788/2114 1789/2115 1790/2116 
f 1784/2108 1783/2107 1790/2116 1789/2115 
f 1791/2117 1792/2118 1793/2119 1794/2120 
f 1788/2114 1787/2113 1794/2120 1793/2119 
f 1795/2121 1796/2122 1797/2123 1798/2124 
f 1792/2118 1791/2117 1798/2124 1797/2123 
f 1799/2125 1800/2126 1801/2127 1802/2128 
f 1796/2122 1795/2121 1802/2128 1801/2127 
f 1778/2102 1777/2101 1803/2129 1804/2130 
f 1800/2126 1799/2125 1804/2130 1803/2129 
s 3
f 1774/2098 1805/2131 1806/2132 1775/2099 
f 1807/2133 1808/2134 1806/2132 1805/2131 
f 1809/2135 1810/2136 1806/2132 1808/2134 
f 1777/2101 1775/2099 1806/2132 1810/2136 
f 1778/2102 1811/2137 1812/2138 1776/2100 
f 1813/2139 1814/2140 1812/2138 1811/2137 
f 1815/2141 1816/2142 1812/2138 1814/2140 
f 1773/2097 1776/2100 1812/2138 1816/2142 
f 1780/2104 1817/2143 1818/2144 1781/2105 
f 1819/2145 1820/2146 1818/2144 1817/2143 
f 1807/2133 1805/2131 1818/2144 1820/2146 
f 1774/2098 1781/2105 1818/2144 1805/2131 
f 1773/2097 1816/2142 1821/2147 1782/2106 
f 1815/2141 1822/2148 1821/2147 1816/2142 
f 1823/2149 1824/2150 1821/2147 1822/2148 
f 1779/2103 1782/2106 1821/2147 1824/2150 
f 1784/2108 1825/2151 1826/2152 1785/2109 
f 1827/2153 1828/2154 1826/2152 1825/2151 
f 1819/2155 1817/2156 1826/2152 1828/2154 
f 1780/2111 1785/2109 1826/2152 1817/2156 
f 1779/2112 1824/2157 1829/2158 1786/2110 
f 1823/2159 1830/2160 1829/2158 1824/2157 
f 1831/2161 1832/2162 1829/2158 1830/2160 
f 1783/2107 1786/2110 1829/2158 1832/2162 
f 1788/2114 1833/2163 1834/2164 1789/2115 
f 1835/2165 1836/2166 1834/2164 1833/2163 
f 1827/2153 1825/2151 1834/2164 1836/2166 
f 1784/2108 1789/2115 1834/2164 1825/2151 
f 1783/2107 1832/2162 1837/2167 1790/2116 
f 1831/2161 1838/2168 1837/2167 1832/2162 
f 1839/2169 1840/2170 1837/2167 1838/2168 
f 1787/2113 1790/2116 1837/2167 1840/2170 
f 1792/2118 1841/2171 1842/2172 1793/2119 
f 1843/2173 1844/2174 1842/2172 1841/2171 
f 1835/2165 1833/2163 1842/2172 1844/2174 
f 1788/2114 1793/2119 1842/2172 1833/2163 
f 1787/2113 1840/2170 1845/2175 1794/2120 
f 1839/2169 1846/2176 1845/2175 1840/2170 
f 1847/2177 1848/2178 1845/2175 1846/2176 
f 1791/2117 1794/2120 1845/2175 1848/2178 
f 1796/2122 1849/2179 1850/2180 1797/2123 
f 1851/2181 1852/2182 1850/2180 1849/2179 
f 1843/2173 1841/2171 1850/2180 1852/2182 
f 1792/2118 1797/2123 1850/2180 1841/2171 
f 1791/2117 1848/2178 1853/2183 1798/2124 
f 1847/2177 1854/2184 1853/2183 1848/2178 
f 1855/2185 1856/2186 1853/2183 1854/2184 
f 1795/2121 1798/2124 1853/2183 1856/2186 
f 1800/2126 1857/2187 1858/2188 1801/2127 
f 1859/2189 1860/2190 1858/2188 1857/2187 
f 1851/2181 1849/2179 1858/2188 1860/2190 
f 1796/2122 1801/2127 1858/2188 1849/2179 
f 1795/2121 1856/2186 1861/2191 1802/2128 
f 1855/2185 1862/2192 1861/2191 1856/2186 
f 1863/2193 1864/2194 1861/2191 1862/2192 
f 1799/2125 1802/2128 1861/2191 1864/2194 
f 1777/2101 1810/2136 1865/2195 1803/2129 
f 1809/2135 1866/2196 1865/2195 1810/2136 
f 1859/2189 1857/2187 1865/2195 1866/2196 
f 1800/2126 1803/2129 1865/2195 1857/2187 
f 1799/2125 1864/2194 1867/2197 1804/2130 
f 1863/2193 1868/2198 1867/2197 1864/2194 
f 1813/2139 1811/2137 1867/2197 1868/2198 
f 1778/2102 1804/2130 1867/2197 1811/2137 
s 1
f 1516/2199 1520/1843 1517/1818 
f 1516/2200 1522/1825 1519/1821 
f 1516/2201 1524/1828 1521/1824 
f 1516/2202 1526/1831 1523/1827 
f 1516/2203 1528/1834 1525/1830 
f 1516/2204 1530/1837 1527/1833 
f 1516/2205 1532/1840 1529/1836 
f 1516/2206 1518/1819 1531/1839 
f 1869/2207 1870/2208 1871/2209 1872/2210 
f 1873/2211 1874/2212 1871/2209 1870/2208 
f 1875/2213 1872/2210 1871/2209 1874/2212 
f 1869/2207 1872/2210 1876/2214 1877/2215 
f 1875/2213 1878/2216 1876/2214 1872/2210 
f 1879/2217 1877/2215 1876/2214 1878/2216 
f 1869/2207 1877/2215 1880/2218 1881/2219 
f 1879/2217 1882/2220 1880/2218 1877/2215 
f 1883/2221 1881/2219 1880/2218 1882/2220 
f 1869/2207 1881/2219 1884/2222 1885/2223 
f 1883/2221 1886/2224 1884/2222 1881/2219 
f 1887/2225 1885/2223 1884/2222 1886/2224 
f 1869/2207 1885/2223 1888/2226 1889/2227 
f 1887/2225 1890/2228 1888/2226 1885/2223 
f 1891/2229 1889/2227 1888/2226 1890/2228 
f 1869/2207 1889/2227 1892/2230 1893/2231 
f 1891/2229 1894/2232 1892/2230 1889/2227 
f 1895/2233 1893/2231 1892/2230 1894/2232 
f 1869/2207 1893/2231 1896/2234 1897/2235 
f 1895/2233 1898/2236 1896/2234 1893/2231 
f 1899/2237 1897/2235 1896/2234 1898/2236 
f 1869/2207 1897/2235 1900/2238 1870/2208 
f 1899/2237 1901/2239 1900/2238 1897/2235 
f 1873/2211 1870/2208 1900/2238 1901/2239 
f 1873/2211 1902/2240 1903/2241 1874/2212 
f 1904/2242 1905/2243 1903/2241 1902/2240 
f 1906/2244 1907/2245 1903/2241 1905/2243 
f 1875/2213 1874/2212 1903/2241 1907/2245 
f 1875/2213 1907/2245 1908/2246 1878/2216 
f 1906/2244 1909/2247 1908/2246 1907/2245 
f 1910/2248 1911/2249 1908/2246 1909/2247 
f 1879/2217 1878/2216 1908/2246 1911/2249 
f 1879/2217 1911/2249 1912/2250 1882/2220 
f 1910/2248 1913/2251 1912/2250 1911/2249 
f 1914/2252 1915/2253 1912/2250 1913/2251 
f 1883/2221 1882/2220 1912/2250 1915/2253 
f 1883/2221 1915/2253 1916/2254 1886/2224 
f 1914/2252 1917/2255 1916/2254 1915/2253 
f 1918/2256 1919/2257 1916/2254 1917/2255 
f 1887/2225 1886/2224 1916/2254 1919/2257 
f 1887/2225 1919/2257 1920/2258 1890/2228 
f 1918/2256 1921/2259 1920/2258 1919/2257 
f 1922/2260 1923/2261 1920/2258 1921/2259 
f 1891/2229 1890/2228 1920/2258 1923/2261 
f 1891/2229 1923/2261 1924/2262 1894/2232 
f 1922/2260 1925/2263 1924/2262 1923/2261 
f 1926/2264 1927/2265 1924/2262 1925/2263 
f 1895/2233 1894/2232 1924/2262 1927/2265 
f 1895/2233 1927/2265 1928/2266 1898/2236 
f 1926/2264 1929/2267 1928/2266 1927/2265 
f 1930/2268 1931/2269 1928/2266 1929/2267 
f 1899/2237 1898/2236 1928/2266 1931/2269 
f 1899/2237 1931/2269 1932/2270 1901/2239 
f 1930/2268 1933/2271 1932/2270 1931/2269 
f 1904/2242 1902/2240 1932/2270 1933/2271 
f 1873/2211 1901/2239 1932/2270 1902/2240 
f 1904/2272 1934/2273 1935/2274 1905/2275 
f 1936/2276 1937/2277 1935/2274 1934/2273 
f 1938/2278 1939/2279 1935/2274 1937/2277 
f 1906/2280 1905/2275 1935/2274 1939/2279 
f 1906/2280 1939/2279 1940/2281 1909/2282 
f 1938/2278 1941/2283 1940/2281 1939/2279 
f 1942/2284 1943/2285 1940/2281 1941/2283 
f 1910/2286 1909/2282 1940/2281 1943/2285 
f 1910/2286 1943/2285 1944/2287 1913/2288 
f 1942/2284 1945/2289 1944/2287 1943/2285 
f 1946/2290 1947/2291 1944/2287 1945/2289 
f 1914/2292 1913/2288 1944/2287 1947/2291 
f 1914/2292 1947/2291 1948/2293 1917/2294 
f 1946/2290 1949/2295 1948/2293 1947/2291 
f 1950/2296 1951/2297 1948/2293 1949/2295 
f 1918/2298 1917/2294 1948/2293 1951/2297 
f 1918/2298 1951/2297 1952/2299 1921/2300 
f 1950/2296 1953/2301 1952/2299 1951/2297 
f 1954/2302 1955/2303 1952/2299 1953/2301 
f 1922/2304 1921/2300 1952/2299 1955/2303 
f 1922/2304 1955/2303 1956/2305 1925/2306 
f 1954/2302 1957/2307 1956/2305 1955/2303 
f 1958/2308 1959/2309 1956/2305 1957/2307 
f 1926/2310 1925/2306 1956/2305 1959/2309 
f 1926/2310 1959/2309 1960/2311 1929/2312 
f 1958/2308 1961/2313 1960/2311 1959/2309 
f 1962/2314 1963/2315 1960/2311 1961/2313 
f 1930/2316 1929/2312 1960/2311 1963/2315 
f 1930/2316 1963/2315 1964/2317 1933/2318 
f 1962/2314 1965/2319 1964/2317 1963/2315 
f 1936/2276 1934/2273 1964/2317 1965/2319 
f 1904/2272 1933/2318 1964/2317 1934/2273 
f 1966/2320 1967/2321 1968/2322 1969/2323 
f 1938/2278 1937/2277 1968/2322 1967/2321 
f 1936/2276 1969/2323 1968/2322 1937/2277 
f 1966/2320 1970/2324 1971/2325 1967/2321 
f 1942/2284 1941/2283 1971/2325 1970/2324 
f 1938/2278 1967/2321 1971/2325 1941/2283 
f 1966/2320 1972/2326 1973/2327 1970/2324 
f 1946/2290 1945/2289 1973/2327 1972/2326 
f 1942/2284 1970/2324 1973/2327 1945/2289 
f 1966/2320 1974/2328 1975/2329 1972/2326 
f 1950/2296 1949/2295 1975/2329 1974/2328 
f 1946/2290 1972/2326 1975/2329 1949/2295 
f 1966/2320 1976/2330 1977/2331 1974/2328 
f 1954/2302 1953/2301 1977/2331 1976/2330 
f 1950/2296 1974/2328 1977/2331 1953/2301 
f 1966/2320 1978/2332 1979/2333 1976/2330 
f 1958/2308 1957/2307 1979/2333 1978/2332 
f 1954/2302 1976/2330 1979/2333 1957/2307 
f 1966/2320 1980/2334 1981/2335 1978/2332 
f 1962/2314 1961/2313 1981/2335 1980/2334 
f 1958/2308 1978/2332 1981/2335 1961/2313 
f 1966/2320 1969/2323 1982/2336 1980/2334 
f 1936/2276 1965/2319 1982/2336 1969/2323 
f 1962/2314 1980/2334 1982/2336 1965/2319 
# 416 polygons - 16 triangles

